Journal title,Journal ISSN (print version),Journal EISSN (online version),Languages in which the journal accepts manuscripts,Publisher,DOAJ Seal,Journal license,APC
Prolíngua,,1983-9979,Portuguese,Universidade Federal da Paraíba,No,CC BY-NC-SA,No
Проблеми Законності,2224-9281,2414-990X,"Ukrainian, Russian, English",Yaroslav Mudryi National Law University,No,CC BY,Yes
Enlightening Tourism: A Pathmaking Journal,,2174-548X,English,University of Huelva,No,CC BY-NC,No
Scientific Journals of the Maritime University of Szczecin,1733-8670,2392-0378,English,MUS,No,CC BY,Yes
"Fronteiras: Journal of Social, Technological and Environmental Science",,2238-8869,Portuguese,Centro Universitário de Anápolis,No,CC BY-NC,No
Semina: Ciências Agrárias,1676-546X,1679-0359,"Portuguese, English",Universidade Estadual de Londrina,No,Publisher's own license,Yes
Raízes Jurídicas,,1981-3872,Portuguese,Universidade Positivo,No,CC BY,No
International Journal of Critical Pedagogy,,2157-1074,English,University of North Carolina at Greensboro,No,Publisher's own license,No
Iheringia: Série Zoologia,0073-4721,1678-4766,"English, Portuguese, Spanish",Fundação Zoobotânica do Rio Grande do Sul,No,CC BY,No
INDEX Revista de Arte Contemporáneo,1390-4825,2477-9199,Spanish,Pontificia Universidad Católica del Ecuador,No,CC BY-NC,No
Jurnal Ilmiah Ilmu-Ilmu Peternakan,1410-7791,2528-0805,Indonesian,Universitas Jambi,No,CC BY,Yes
Research in Corpus Linguistics,,2243-4712,English,Asociación Española de Lingüística de Corpus,No,CC BY,No
Survey Methods - Insights from the Field,,2296-4754,English,FORS,No,CC BY,No
Concrete Operators,,2299-3282,English,De Gruyter,No,CC BY,Yes
Cuadernos de Lingüística de El Colegio de México,,2007-736X,"English, Spanish","El Colegio de México, A.C.",No,CC BY,No
"Revista de Sociologia, Antropologia e Cultura Jurídica",,2526-0251,Portuguese,Conselho Nacional de Pesquisa e Pós-graduação em Direito (CONPEDI),No,CC BY-NC,No
Argumentos,,2525-0469,Spanish,"Centro de Perfeccionamiento ""Ricardo C. Nuñez"" del Poder Judicial de la Provincia de Córdoba",No,CC BY-NC,No
Revista Colombiana de Biotecnología,0123-3475,1909-8758,Spanish,Universidad Nacional de Colombia,No,CC BY,No
Kandai,1907-204X,2527-5968,"English, Indonesian",Kantor Bahasa Provinsi Sulawesi Tenggara,No,CC BY-NC-SA,No
Jurnal Psikologi Teori dan Terapan,2087-1708,2597-9035,"English, Indonesian",Universitas Negeri Surabaya,No,CC BY-NC,No
Journal of Applied Research on Children,,2155-5834,English,Children at Risk,No,CC BY-NC-ND,No
Clinical and Experimental Otorhinolaryngology,1976-8710,2005-0720,English,Korean Society of Otorhinolaryngology-Head and Neck Surgery,No,CC BY-NC,Yes
Jurnal Iqra': Kajian Ilmu Pendidikan,2527-4449,2548-7892,"English, Indonesian",IAI Ma'arif NUMetro Lampung,No,CC BY-SA,No
Cadernos de História,2237-8871,1679-5636,"Portuguese, Spanish",Pontifícia Universidade Católica de Minas Gerais,No,CC BY,No
Tecnura,0123-921X,2248-7638,Spanish,Universidad Distrital Francisco Jose de Caldas,No,CC BY-SA,No
Tate Papers,,1753-9854,English,Tate,No,CC BY-NC-ND,No
Revista Ciencias Veterinarias,,2215-4507,"English, Spanish","Universidad Nacional, Costa Rica",No,CC BY-NC-ND,No
Indonesian Journal of History Education,2252-6641,2549-0354,Indonesian,Universitas Negeri Semarang,No,CC BY,No
Revista da SBEnBIO,1982-1867,2763-8898,Portuguese,Marco Antonio Leandro Barzano,No,CC BY,No
Téssera,,2595-8925,Portuguese,Enivalda Nunes Freitas e Souza,No,CC BY-NC-ND,No
Półrocznik Językoznawczy Tertium,,2543-7844,"English, Polish",Cracow Tertium Society for the Promotion of Language Studies,No,CC BY-NC-ND,No
Colloquium Agrariae,,1809-8215,Portuguese,"University of Western Sao Paulo, UNOESTE",No,CC BY-NC-ND,No
Phytopathologia Mediterranea,0031-9465,1593-2095,English,Firenze University Press,Yes,CC BY,Yes
ORiON,0259-191X,2224-0004,English,Operations Research Society of South Africa (ORSSA),No,CC BY,No
Journal of Human Security,,1835-3800,English,Librelloph,Yes,CC BY,No
Ciceroniana On Line,,2532-5353,"English, French, German, Italian, Spanish",Università degli Studi di Torino,No,CC BY-SA,No
EQA,2039-9898,2281-4485,English,University of Bologna,Yes,CC BY-NC,No
Iluminuras,,1984-1191,Portuguese,Universidade Federal do Rio Grande do Sul,No,CC BY-NC,No
Learning and Teaching,1755-2273,1755-2281,English,Berghahn Books,No,"CC BY, CC BY-ND, CC BY-NC-ND",No
Vestnik Volgogradskogo Gosudarstvennogo Universiteta. Seriâ 2. Âzykoznanie,1998-9911,2409-1979,"English, Russian",Volgograd State University,No,CC BY,No
Telfor Journal,1821-3251,2334-9905,English,"Telecommunications Society, Academic Mind",No,Publisher's own license,No
ITB Journal of Information and Communication Technology,1978-3086,,English,ITB Journal Publisher,No,CC BY-ND,Yes
Zephyrus,0514-7336,2386-3943,"English, Spanish",Ediciones Universidad de Salamanca,No,CC BY-NC-ND,No
Phonica,,1699-8774,"Catalan, English, French, Galician, Italian, Portuguese, Spanish",Universitat de Barcelona,No,CC BY,No
Revista Pegada Eletrônica,1676-1871,1676-3025,"Portuguese, Spanish",Universidade Estadual Paulista Júlio de Mesquita Filho,No,CC BY,No
Rivista Italiana di Acustica,,2385-2615,"Italian, English",Associazione Italiana di Acustica,No,CC BY,No
Austrian Law Journal,,2409-6911,"English, German","Brigitte Lurger, Elisabeth Staudegger, Stefan Storr",No,CC BY,No
Open Biology,,2046-2441,English,The Royal Society,Yes,CC BY,Yes
Cadernos de Letras da UFF,1413-053X,2447-4207,Portuguese,Universidade Federal Fluminense,No,CC BY-NC,No
Revista Baiana de Educação Matemática,,2675-5246,Portuguese,Universidade do Estado da Bahia,No,CC BY-NC-SA,No
Aspekti Publìčnogo Upravlìnnâ,2311-6420,2413-8231,"Ukrainian, Russian",Grani,No,CC BY,No
Jurnal Smart,2356-2048,2356-203X,English,Universitas Muhammadiyah Pringsewu,No,CC BY-SA,Yes
Ticontre: Teoria Testo Traduzione,,2284-4473,"Spanish, Italian, French, English",Università degli studi di Trento,No,CC BY-NC-ND,No
California Fish and Wildlife Journal,2689-419X,2689-4203,English,California Department of Fish and Wildlife,No,Public domain,Yes
Agronomy Science,2544-4476,2544-798X,"Polish, English",University of Life Sciences in Lublin - Publishing House,No,"CC BY, CC BY-NC-ND",Yes
Комплексные исследования детства,,2687-0223,"English, Russian",Herzen State Pedagogical University of Russia,No,CC BY-NC,No
Biology Open,,2046-6390,English,The Company of Biologists,Yes,CC BY,Yes
Zeithistorische Forschungen,1612-6033,1612-6041,"English, German",Vandenhoeck & Ruprecht GmbH & Co. KG,No,CC BY-SA,No
Pedagogika. Studia i Rozprawy,2658-1213,,"Polish, English, German, Russian, Ukrainian",Jan Długosz University in Częstochowa,No,CC BY,No
Dermatology Practical & Conceptual,,2160-9381,English,Mattioli1885,No,CC BY-NC,No
Известия Саратовского университета: Новая серия. Серия Философия. Психология. Педагогика,1819-7671,2542-1948,"English, Russian",Saratov State University,No,CC BY,No
Central European Journal of Educational Research,,2677-0326,English,Debrecen University Press,No,CC BY,No
"Модели, системы, сети в экономике, технике, природе и обществе",2227-8486,,"English, Russian",Penza State University Publishing House,No,CC BY,No
Етически изследвания,,2534-8434,"Bulgarian, English, Russian",Bulgarian Academy of Sciences,No,CC BY-NC-ND,No
Revista Perspectivas,,2590-9215,Spanish,Universidad Francisco de Paula Santander,No,CC BY,No
Análisis,0120-8454,2145-9169,"Spanish, Portuguese, German, English",Universidad Santo Tomás,No,CC BY-SA,No
Online Journal of Rural Nursing and Health Care,,1539-3399,English,Rural Nurse Organization; Binghamton University,No,CC BY-NC,No
Интеграция образования,1991-9468,2308-1058,Russian,National Research Mordova State University,Yes,CC BY,No
Пенитенциарная наука,2686-9764,2782-1986,"Russian, English","Federal Penitentiary Service of Russia, Vologda Law and Economics Institute (VIPE FSIN Russia)",No,CC BY,No
Journal of Health (JOH),2355-8857,2407-6376,Indonesian,LPPM STIKES Guna Bangsa Yogyakarta,No,CC BY,Yes
Journal of Chromatography Open,,2772-3917,English,Elsevier,No,"CC BY, CC BY-NC-ND",Yes
Territoires du Vin,,1760-5296,French,Université de Bourgogne,No,CC BY,No
Physics Education Research Journal,2685-6190,2714-7746,"English, Indonesian",Universitas Islam Negeri Walisongo Semarang,No,CC BY-SA,No
Krisis,,1875-7103,"English, Dutch",University of Groningen Press,No,CC BY,No
Journal of International Economics and Management,2615-9856,,English,"HDV INSER., JSC",No,CC BY-NC,No
ALTEX: Alternatives to Animal Experimentation,,1868-596X,English,Springer Spektrum,No,CC BY,Yes
Sukkur IBA Journal of Emerging Technologies,2616-7069,2617-3115,English,Sukkur IBA University,No,CC BY-NC,No
Journal of Student-Run Clinics,,2474-9354,English,Society of Student-Run Free Clinics,No,CC BY,No
Литературный факт,2541-8297,2542-2421,"English, Russian",Russian Academy of Sciences. A.M. Gorky Institute of World Literature,No,CC BY,No
آموزش پزشکی,2322-4940,2345-5497,Persian,Babol University of Medical Sciences,No,CC BY-NC,No
LingVaria,1896-2122,2392-1226,"Polish, English, Russian, German, French",Ksiegarnia Akademicka Publishing,No,CC BY-NC-ND,No
Airea,,2516-8061,English,University of Edinburgh Library,No,CC BY,No
JAm It!,,2612-5641,"English, Italian",Università degli Studi di Torino,No,CC BY-NC-ND,No
Politeja,1733-6716,2391-6737,"Polish, English",Ksiegarnia Akademicka Publishing,No,CC BY-NC-ND,No
Journal of Coloproctology,2237-9363,2317-6423,English,Thieme Revinter Publicações Ltda.,No,"CC BY, CC BY-NC-ND",No
Инженерные технологии и системы,2658-4123,2658-6525,"English, Russian",National Research Mordova State University; MRSU,No,CC BY,No
Canadian Medical Education Journal,,1923-1202,"English, French",Canadian Medical Education Journal,No,CC BY-NC-ND,No
Cadernos de Pesquisa,0100-1574,,"Spanish, Portuguese, English",Fundação Carlos Chagas,No,CC BY-NC,No
Cogitare Enfermagem,1414-8536,2176-9133,"English, Portuguese, Spanish",Universidade Federal do Paraná,No,CC BY,Yes
Славянский мир в третьем тысячелетии,2412-6446,,Russian,"Russian Academy of Sciences, Institute of Slavic Studies",No,CC BY-ND,No
"Plural: History, Culture, Society",2345-1262,2345-184X,"English, French, German, Romanian, Russian",Editura ARC,No,CC BY-NC-ND,No
"21: Inquiries into Art, History, and the Visual",2701-1569,2701-1550,"English, French, German, Italian",arthistoricum.net,No,CC BY-NC-ND,No
Hermeneutische Blätter,1660-5403,1660-5578,"English, German",Institut für Hermeneutik und Religionsphilosophie,No,CC BY-NC-ND,No
Hydrologie und Wasserbewirtschaftung,1439-1783,,German,Bundesanstalt für Gewässerkunde,No,CC BY,No
Journal of Tourism Analysis,,2254-0644,"Spanish, English",Asociación Española de Expertos Científicos en Turismo (AECIT),No,"CC BY, CC BY-NC",No
Repères DoRiF,,2281-3020,French,DoRiF Università,No,CC BY-NC-ND,No
EduHumaniora: Jurnal Pendidikan Dasar,2085-1243,2579-5457,"English, Indonesian",Universitas Pendidikan Indonesia,No,CC BY-SA,Yes
Mining Machines,,2719-3306,English,KOMAG Institute of Mining Technology,No,CC BY-NC,No
Jurnal Ilmu Keperawatan Maternitas,,2621-2994,Indonesian,Persatuan Perawat Nasional Indonesia Jawa Tengah,No,CC BY,Yes
Journal of Fundamental and Applied Pharmaceutical Science,2723-7648,2723-763X,English,Universitas Muhammadiyah Yogyakarta,No,CC BY-SA,No
The Journal of The British Blockchain Association,2516-3949,2516-3957,English,The British Blockchain Association,No,CC BY,Yes
Jurnal Kajian Anak,2686-5343,2715-7989,"English, Indonesian",Universitas Muhammadiyah Metro,No,CC BY,Yes
Известия Саратовского университета. Новая серия: Серия «Экономика. Управление. Право»,1994-2540,2542-1956,"English, Russian",Saratov State University,Yes,CC BY,No
Известия Саратовского университета. Новая серия: Серия Химия. Биология. Экология,1816-9775,2541-8971,"English, Russian",Saratov State University,Yes,CC BY,No
Journal of Business Strategies,0887-2058,2162-6901,English,Sam Houston State University,No,CC BY-NC,No
Север и рынок: формирование экономического порядка,2220-802X,,"English, Russian","The Russian Academy of Sciences, Federal Research Centre Kola Science Centre",No,CC BY,No
Crítica Historiográfica,,2764-2666,"Portuguese, English, Spanish, French, Italian",Universidade Federal do Rio Grande do Norte,No,CC BY-SA,No
Дифференциальная геометрия многообразий фигур,0321-4796,2782-3229,"Russian, English",Immanuel Kant Baltic Federal University,No,CC BY,No
Le Simplegadi,,1824-5226,"Italian, English",University of Udine,Yes,CC BY,No
Indonesian Midwifery and Health Sciences Journal,,2656-7806,"English, Indonesian",Universitas Airlangga,Yes,CC BY-SA,Yes
Cross-Cultural Management Journal,,2286-0452,English,Romanian Foundation for Business Intelligence,No,CC BY-ND,Yes
Métodos y Materiales,2215-342X,2215-4558,Spanish,Universidad de Costa Rica,No,CC BY-NC-ND,No
Revista Encontros,1807-3867,2447-6196,Portuguese,Departamento de História - Colégio Pedro II,No,CC BY-NC-SA,No
Экспериментальная психология,2072-7593,2311-7036,Russian,Moscow State University of Psychology and Education,No,CC BY-NC,No
Гуманитарный вектор,1996-7853,2542-0038,Russian,Transbaikal State University,No,CC BY,No
AGIT: Journal für Angewandte Geoinformatik,2364-9283,2509-713X,"English, German","Wichmann Verlag, VDE VERLAG GMBH",No,CC BY-ND,Yes
International Journal of Psychology: A Biopsychosocial Approach,1941-7233,2345-024X,English,Vytautas Magnus University,No,CC BY-NC,No
مجلة كلية التربية للبنات,1680-8738,2663-547X,"Arabic, English",College of Education for Women,No,CC BY,Yes
International Journal for Court Administration,,2156-7964,English,International Association for Court Administration,Yes,CC BY,No
"Економіка, Eкологія, Cоціум",,2616-7107,"English, Ukrainian",Institute for Market Problems and Economic-and-Ecological Research of the National Academy of Sciences of Ukraine,No,CC BY-NC,Yes
Didáctica Geográfica,0210-492X,2174-6451,"English, French, Portuguese, Spanish",Asociación Española de Geografía,No,CC BY-NC-SA,No
Biblos,0870-4112,2183-7139,Portuguese,Coimbra University Press,No,CC BY,No
Yearbook of Balkan and Baltic Studies,2613-7844,2613-7852,English,ELM Scholarly Press,No,CC BY-NC-ND,No
Ingeniería,0121-750X,2344-8393,Spanish,Universidad Distrital Francisco José de Caldas,No,CC BY-NC-ND,No
Uqyānūs/shināsī,1562-1057,2476-6755,Persian,Regional Information Center for Science and Technology (RICeST),No,CC BY,Yes
Istraživanja u Pedagogiji,2217-7337,2406-2006,English,"Preschool Teacher Training College ""Mihailo Palov""",No,CC BY,No
Žurnal Grodnenskogo Gosudarstvennogo Medicinskogo Universiteta,2221-8785,2413-0109,"Belarusian, English, Russian",Grodno State Medical University,No,CC BY,No
Psicooncologia,1696-7240,1988-8287,Spanish,Universidad Complutense de Madrid,No,CC BY,No
The Asia Pacific Scholar,2424-9335,2424-9270,English,National University of Singapore,No,CC BY-NC,No
Fondatia : Jurnal Pendidikan Dasar,2656-5390,2579-6194,"English, Indonesian",Prodi Pendidikan Guru Madrasah Ibtidaiyah,No,CC BY,Yes
Revista Brasileira de Pesquisa em Ciências da Saúde,,2446-5577,"English, Portuguese, Spanish",Centro Universitário ICESP de Brasília,No,CC BY,No
RNA & DISEASE,,2375-2467,English,Smart Science & Technology LLC,No,CC BY,No
Contratexto,1025-9945,1993-4904,"Portuguese, English, Spanish",Universidad de Lima,No,CC BY,No
Anthropologica,0254-9212,2224-6428,Spanish,Pontificia Universidad Católica del Perú,No,CC BY-NC,No
CorSalud,,2078-7170,"Spanish, English",Cardiocentro Ernesto Che Guevara,No,Publisher's own license,No
Journal of Techno-Social,2229-8940,,"English, Malay (macrolanguage)",Penerbit UTHM,No,Publisher's own license,No
Władza Sądzenia,,2300-1690,Polish,Katedra Socjologii Polityki i Moralności Wydział Ekonomiczno-Socjologiczny Uniwersytet Łódzki,No,CC BY-NC-SA,No
Boletim do Observatório Ambiental Alberto Ribeiro Lamego,1981-6197,2177-4560,"English, Portuguese, Spanish",Essentia Editora,No,CC BY,No
JINOP (Jurnal Inovasi Pembelajaran),2443-1591,2460-0873,"English, Indonesian",Universitas Muhammadiyah Malang,No,CC BY,No
Noctua,,2284-1180,"Spanish, Portuguese, Italian, German, French, English",E-theca OnLineOpenAccess Edizioni,No,CC BY,No
Bulletin of the International Association for Paleodontology,,1846-6273,English,International Association for Paleodontology,No,CC BY-NC-ND,No
Riset Akuntansi dan Keuangan Indonesia,,2541-6111,"English, Indonesian",Muhammadiyah University Press,No,CC BY-NC-SA,No
Jurnal Veteriner,1411-8327,,"Indonesian, English",Universitas Udayana,No,CC BY,Yes
Farmacéuticos Comunitarios,1885-8619,2173-9218,Spanish,SEFAC,No,CC BY-NC-ND,No
Interação em Psicologia,1981-8068,1981-8076,"English, Portuguese",Universidade Federal do Paraná,No,CC BY-NC,No
Jurnal Keuangan dan Perbankan,1410-8089,2443-2687,"English, Indonesian",Universitas Merdeka Malang,No,CC BY-SA,No
Journal of Breast Cancer,1738-6756,2092-9900,"English, Korean",Se Jeong Oh,No,CC BY-NC,Yes
حسابداری سلامت,2252-0473,2252-0546,Persian,Shiraz University of Medical Sciences,No,CC BY-NC-ND,No
International Series on Information Systems and Management in Creative eMedia,,2341-5576,English,International Ambient Media Association (iAMEA),No,CC BY-NC-ND,No
Jurnal Benefita,,2477-7862,Indonesian,Lembaga Layanan Pendidikan Tinggi Wilayah X,No,CC BY,Yes
Bearing Witness: Joyce Carol Oates Studies,,2373-275X,English,University of San Francisco,No,CC BY,No
Ihtifaz,2622-4755,2622-4798,"English, Indonesian",Universitas Ahmad Dahlan,No,CC BY-SA,No
Jurnal Linguistik Komputasional,,2621-9336,"English, Indonesian",Indonesia Association of Computational Linguistics (INACL),No,CC BY-NC-SA,No
Huellas,0329-0573,2362-5643,"Portuguese, Spanish",Universidad Nacional de La Pampa. Facultad de Ciencias Humanas,No,CC BY-NC-SA,No
History of Science in South Asia,,2369-775X,"English, Sanskrit",University of Alberta,No,CC BY-SA,No
Jurnal Kawistara,2088-5415,2355-5777,"English, Indonesian",Universitas Gadjah Mada,No,CC BY-SA,Yes
"International Journal of Aviation, Aeronautics, and Aerospace",,2374-6793,English,Embry-Riddle Aeronautical University,No,CC BY-NC-ND,No
Comunicologia,,1981-2132,Portuguese,Universidade Católica de Brasília,No,CC BY,No
Revista de Ciencia y Tecnología,0329-8922,1851-7587,"English, Portuguese, Spanish",Universidad Nacional de Misiones,No,CC BY-NC,No
Universidad y Empresa,0124-4639,2145-4558,"English, Spanish",Universidad del Rosario,No,CC BY-NC,No
Vìsnik Odesʹkogo Nacìonalʹnogo Unìversitetu: Hìmìâ,2304-0947,2414-5963,"English, Russian, Ukrainian",Odessa I. I. Mechnikov National University,No,CC BY-SA,No
Revista Nacional de Administración,1659-4908,1659-4932,Spanish,Universidad Nacional de Educación a Distancia (UNED),No,CC BY,No
Iatreia,0121-0793,2011-7965,Spanish,Universidad de Antioquia,No,CC BY-NC-SA,No
Novum,0121-5698,2357-4933,Spanish,Universidad Nacional de Colombia,No,CC BY-NC-SA,No
Al-Ta'rib,2354-5887,2655-5867,"Arabic, English, Indonesian",Institut Agama Islam Negeri (IAIN) Palangka Raya,No,CC BY-SA,No
"Naukovij Vìsnik Nacìonalʹnogo Unìversitetu Bìoresursìv ì Prirodokoristuvannâ Ukraïni. Serìâ: Ekonomìka, Agrarnij Menedžment ta Bìznes",2222-8586,2415-7627,"English, Russian, Ukrainian",National University of Life and Environmental Sciences of Ukraine,No,CC BY-NC-SA,Yes
Вісник Харківського національногоуніверситету імені В.Н. Каразіна. Серія: Радіофізика та електроніка,2311-0872,,"English, Russian, Ukrainian",V. N. Karazin Kharkiv National University,No,CC BY,No
"Журнал Белорусского государственного университета: География, геология",2521-6740,2617-3972,"Belarusian, English, Russian",Belarusian State University,No,CC BY-NC,No
Erga-Logoi,2280-9678,2282-3212,"English, French, German, Italian, Spanish",LED Edizioni Universitarie,No,CC BY-NC-ND,No
Investigaciones Regionales - Journal of Regional Research,1695-7253,2340-2717,"English, Spanish",AECR,No,Publisher's own license,No
Heterocyclic Communications,,2191-0197,English,De Gruyter,No,"CC BY, CC BY-NC-ND",Yes
Endoscopy International Open,2364-3722,2196-9736,English,Georg Thieme Verlag KG,No,"CC BY, CC BY-NC-ND",Yes
Culture e Studi del Sociale,,2531-3975,"English, Italian",University of Salerno,No,CC BY-NC-ND,No
International Journal of the First Year in Higher Education,,1838-2959,English,Queensland University of Technology,No,CC BY,No
Kaibon Abhinaya,,2657-1110,"English, Indonesian",Universitas Serang Raya,No,CC BY,Yes
Bunron,,2199-2754,"English, German, Japanese",Universität Heidelberg - Japanologie,No,CC BY,No
Revista Ciencias Marinas y Costeras,1659-455X,1659-407X,"English, Spanish","Universidad Nacional, Costa Rica",No,CC BY-NC-SA,No
Uniciencia,1011-0275,2215-3470,Spanish,"Universidad Nacional, Costa Rica",No,CC BY-NC-ND,No
"JEET, Journal of English Education and Technology",,2721-3811,English,Asosiasi Dosen Pengembang Masyarakat (ADPEMAS) Forum Komunikasi Dosen Peneliti (FKDP),No,CC BY-SA,No
"Espacio, Tiempo y Educación",,2340-7263,"English, Italian, Spanish",FahrenHouse,No,CC BY-NC,No
"GEPROS: Gestão da Produção, Operações e Sistemas",,1984-2430,"English, Portuguese",Universidade Estadual Paulista,No,CC BY-NC,No
Mundo Livre,,2525-5819,Portuguese,Universidade Federal Fluminense (UFF),No,CC BY,No
Health and Interprofessional Practice,,2159-1253,English,Pacific University Library,No,CC BY,No
Revista de Cultura Teologica,0104-0529,2317-4307,"English, French, Portuguese",Pontifícia Universidade Católica de São Paulo,No,CC BY-NC-SA,No
Cuadernos AISPI,2283-981X,,"Italian, Spanish",Ledizioni,No,CC BY-NC-ND,No
Scienze del Territorio,2384-8774,2284-242X,"English, Italian",Firenze University Press,No,CC BY,No
Maal og Minne,0024-855X,1890-5455,"Danish, English, Norwegian Bokmål, Norwegian Nynorsk, Swedish",Novus forlag,No,CC BY-SA,No
Psico-USF,1413-8271,2175-3563,"English, Portuguese, Spanish",Universidade de São Francisco,No,CC BY,No
Revista Perspectivas,1994-3733,2411-0566,Spanish,Universidad Católica Boliviana,No,CC BY,No
Проблемы анализа,2306-3424,2306-3432,"Russian, English",Petrozavodsk State University,No,CC BY-NC,No
European Medical Journal Reproductive Health,,2059-450X,English,European Medical Journal,No,CC BY-NC,No
Veritas et Justitia,2460-0555,2460-4488,"English, Indonesian",Parahyangan Catholic University,No,CC BY,No
El Oído Pensante,,2250-7116,"English, Portuguese, Spanish","Instituto de Ciencias Antropológicas, Facultad de Filosofía y Letras (Universidad de Buenos Aires)",No,CC BY-NC,No
Revista Analisando em Ciência da Informação,,2317-9708,Portuguese,Universidade Estadual da Paraíba,No,CC BY-NC,No
"Rainbow: Journal of Literature, Linguistics and Culture",2252-6323,2721-4540,English,Universitas Negeri Semarang,No,CC BY,No
Jurnal Bidang Pendidikan Dasar,2549-0117,2549-0125,Indonesian,Universitas Kanjuruhan Malang,No,CC BY-SA,Yes
Science Diliman,0115-7809,2012-0818,English,University of the Philippines,No,Publisher's own license,No
PROFESORADO,1138-414X,1989-6395,Spanish,"Grupo FORCE, Universidad de Granada",No,CC BY-NC-ND,No
Archivum Mathematicum,0044-8753,1212-5059,English,Masarykova Universita,No,CC BY-NC-ND,No
Nirmana,0215-0905,,"English, Indonesian",Petra Christian University,No,CC BY,No
Estudios Demográficos y Urbanos,0186-7210,2448-6515,Spanish,"El Colegio de México, A.C.",No,CC BY-NC-ND,No
Ranah: Jurnal Kajian Bahasa,2338-8528,2579-8111,"English, Indonesian",Badan Pengembangan dan Pembinaan Bahasa,No,CC BY-NC-SA,No
JFMR-Journal of Fisheries and Marine Research,,2581-0294,"English, Indonesian",University of Brawijaya,No,CC BY-NC,No
Ius et Praxis,0717-2877,0718-0012,Spanish,Universidad de Talca,No,CC BY,No
Global Economic Observer,2343-9742,2343-9750,English,Nicolae Titulescu University,No,CC BY-SA,No
Journal of Statistical Software,,1548-7660,English,Foundation for Open Access Statistics,No,CC BY,No
Risco: Revista de Pesquisa em Arquitetura e Urbanismo,,1984-4506,Portuguese,Universidade de São Paulo,No,CC BY-NC-SA,No
Jurnal Pendidikan Matematika dan IPA,2086-0234,,Indonesian,Universitas Tanjungpura Pontianak,No,CC BY,No
Revista de Estudios de Seguridad Internacional,,2444-6157,Spanish,Universidad de Granada,No,CC BY-NC,No
International Journal Pedagogy of Social Studies,2550-0600,2549-6530,"English, Indonesian",Universitas Pendidikan Indonesia,No,CC BY-SA,No
European Medical Journal Oncology,,2054-619X,English,European Medical Journal,No,CC BY-NC,No
Temporalidades,,1984-6150,Portuguese,Universidade Federal de Minas Gerais,No,CC BY,No
Educação Online,,1809-3760,"English, Portuguese, Spanish",Pontifical Catholic University of Rio de Janeiro (PUC-Rio),No,Publisher's own license,No
Desafios,,2359-3652,"English, Portuguese, Spanish",Universidade Federal do Tocantins,No,CC BY-NC,No
disClosure: A Journal of Social Theory,1055-6133,2332-9246,English,University of Kentucky,No,CC BY-NC,No
Simbiosis: Journal of Biological Sciences,2337-7224,,"Indonesian, English",Universitas Udayana,No,CC BY,Yes
Survey Research Methods,,1864-3361,English,European Survey Research Association,No,Publisher's own license,No
Politai,2219-4142,2415-2498,Spanish,Asociación Civil Politai,No,CC BY,No
Meta-Carto-Semiotics,,1868-1387,"German, English",meta-carto-semiotics,No,CC BY-NC-ND,No
Revista Estudo & Debate,,1983-036X,Portuguese,Editora Univates,No,CC BY-NC,No
Revista Debates,2236-479X,1982-5269,Portuguese,Universidade Federal do Rio Grande do Sul,No,CC BY,No
Revista Electrónica de Enseñanza de las Ciencias (REEC),,1579-1513,"English, French, Portuguese, Spanish",Universidade de Vigo,No,CC BY,No
Jurnal Sain Veteriner,,2407-3733,Indonesian,Universitas Gadjah Mada,No,CC BY-SA,Yes
Territorio Italia,,2499-2674,English,Agenzia delle Entrate,No,CC BY-NC,No
Boletim Gaùcho de Geografia,0101-7888,2357-9447,"Spanish, Portuguese","Associação dos Geógrafos Brasileiros, Seção de Porto Alegre",No,CC BY,No
Global Medical & Health Communication,2301-9123,2460-5441,"English, Indonesian",Universitas Islam Bandung,No,CC BY-NC-SA,Yes
Revista Latino Americana de Estudos em Cultura e Sociedade,,2525-7870,"Portuguese, Spanish",Centro Latino-Americano de Estudos em Cultura,No,CC BY-NC,No
feminists@law,,2046-9551,English,University of Kent,No,CC BY,No
Logistics Research,1865-035X,1865-0368,English,BVL,No,CC BY,No
Pythagoras: Jurnal pendidikan Matematika,1978-4538,2527-421X,Indonesian,Universitas Negeri Yogyakarta,No,CC BY,No
Contemporanea : Revista de Comunicação e Cultura,1806-0269,1809-9386,Portuguese,Universidade Federal da Bahia,No,CC BY,No
Publicum,,2447-7982,Portuguese,Universidade do Estado do Rio de Janeiro,No,CC BY-NC,No
Infection Epidemiology and Medicine,2322-2298,2345-4946,English,University of Tarbiat Modares,No,CC BY-NC,No
European Medical Journal Rheumatology,,2056-6395,English,European Medical Journal,No,CC BY-NC,No
Aquatic Biology,1864-7782,1864-7790,English,Inter-Research,No,CC BY,Yes
Jurnal Pendidikan Matematika,1978-0044,2549-1040,Indonesian,Universitas Sriwijaya,No,CC BY-NC-SA,No
Journal of Anthropology of Sport and Physical Education,2536-569X,2536-5703,English,"University of Montenegro, Faculty for Sport and Physical Education, Montenegrin Sports Academy",No,CC BY,No
Revista Otarq: Otras arqueologías,,2530-4933,Spanish,JAS Arqueología,No,CC BY-NC-ND,No
Refleksi Edukatika,2087-9385,2528-696X,Indonesian,Universitas Muria Kudus,No,CC BY,No
Клиническая и экспериментальная тиреоидология,1995-5472,2310-3787,Russian,Endocrinology Research Centre,No,CC BY-NC-ND,No
Acta Logistica,,1339-5629,English,"4S go, s.r.o.",No,CC BY-NC,Yes
تربیت اسلامی,1735-4536,2588-4611,Persian,Research Institute of Hawzah and University,No,CC BY-ND,No
Journal of European Psychology Students,,2222-6931,English,European Federation of Psychology Students' Associations,Yes,CC BY,Yes
Journal of Comparative Social Work,,0809-9936,English,University of Stavanger,No,CC BY-SA,No
Jurnal Kimia Valensi,2460-6065,2548-3013,Indonesian,Syarif Hidayatullah Jakarta State Islamic University,No,CC BY-SA,Yes
Brazilian Political Science Review,,1981-3821,English,Brazilian Political Science Association,No,CC BY,Yes
Cuadernos del Hipogrifo,,2420-918X,"Spanish, Italian",Università Degli Studi Guglielmo Marconi,No,CC BY,No
Journal of the Southeast Asian Linguistics Society,,1836-6821,English,University of Hawaii Press,No,CC BY-NC-ND,No
Anduli,1696-0270,2340-4973,Spanish,Universidad de Sevilla,No,CC BY-NC-SA,No
Acta Brasiliensis,2526-432X,2526-4338,Portuguese,Universidade Federal de Campina Grande,No,CC BY,No
مطالعات اجتماعی روان‌شناختی زنان,2538-2926,2538-2934,Persian,Alzahra University,No,CC BY-NC-ND,Yes
Spanish Journal of Marketing-ESIC,2444-9695,2444-9709,English,Emerald Publishing,No,CC BY,No
Jema: Jurnal Ilmiah Bidang Akuntansi dan Manajemen,1693-7864,2597-4017,English,Universitas Islam Malang,No,CC BY,Yes
Journal of Work and Organizational Psychology,1576-5962,2174-0534,"English, Spanish",Colegio Oficial de Psicólogos de Madrid,No,CC BY-NC-ND,No
Emerging Science Journal,,2610-9182,English,Ital Publication,No,CC BY,Yes
Komunitas: International Journal of Indonesian Society and Culture,2460-7312,2460-7320,"Indonesian, English",Universitas Negeri Semarang,No,CC BY,No
Linguistics in Amsterdam,,1878-4569,"Spanish, English, Dutch",Amsterdam Centre for Language and Communication,No,CC BY-NC-ND,No
Okara: Jurnal Bahasa dan Sastra,1907-624X,2442-305X,"Arabic, English","Center of Language Development, Institut Agama Islam Negeri (IAIN) Madura",No,CC BY-NC,No
Journal of Education and Community Health,,2383-2312,Persian,Hamadan University of Medical Sciences,No,CC BY-NC,No
Intuisi,2086-0803,2541-2965,Indonesian,Universitas Negeri Semarang,No,CC BY,No
Dinamika Pendidikan,1907-3720,2502-5074,"Indonesian, English",Universitas Negeri Semarang,No,CC BY,No
"Jurnal Ekonomi, Bisnis dan Entrepreneurship",2443-0633,2443-2121,Indonesian,Sekolah Tinggi Ilmu Ekonomi (STIE) Pasundan,No,CC BY-NC,No
Journal of Airline and Airport Management,2014-4865,2014-4806,English,OmniaScience,No,CC BY,No
Jurnal Penelitian Pendidikan,1412-565X,,Indonesian,Universitas Pendidikan Indonesia,No,CC BY-SA,Yes
GeSec,,2178-9010,"Spanish, Portuguese, English",Sindicato das Secretárias do Estado de São Paulo,No,CC BY-NC-ND,No
Buletin Peternakan,0126-4400,2407-876X,"English, Indonesian",Universitas Gadjah Mada,No,CC BY-SA,Yes
Iqtishoduna: Jurnal Ekonomi Islam,2252-5661,2443-0056,Indonesian,Institut Agama Islam Syarifuddin,No,CC BY,No
Sosial Budaya,1979-2603,2407-1684,"English, Indonesian",LPPM UIN Sultan Syarif Kasim Riau,No,CC BY,No
Literatura em Debate,,1982-5625,"English, Portuguese, Spanish",Universidade Regional Integrada do Alto Uruguai e das Missões,No,CC BY,No
Amazônia,1980-5128,2317-5125,"Portuguese, Spanish",Universidade Federal do Pará,No,CC BY,No
Journal of Modern Power Systems and Clean Energy,,2196-5420,English,IEEE,No,"CC BY, CC BY-NC-ND",No
Nihon Shouni Jinzoubyou Gakkai zasshi,0915-2245,1881-3933,"English, Japanese",The Japanese Society for Pediatric Nephrology,No,CC BY-NC-SA,No
Focaal,0920-1297,1558-5263,English,Berghahn Books,No,"CC BY, CC BY-ND, CC BY-NC-ND",No
Sensors and Materials,0914-4935,2435-0869,English,MYU,No,CC BY,Yes
European Journal of Mineralogy,0935-1221,1617-4011,English,Copernicus Publications,Yes,CC BY,Yes
Journal of Advanced Guidance and Counseling,2746-1513,2746-1521,English,"UIN Walisongo Semarang, Fakultas Dakwah dan Komunikasi",No,CC BY-NC-SA,No
Community Eye Health Journal,0953-6833,1993-7288,English,"International Centre for Eye Health (ICEH), London",No,CC BY-NC,No
Ilha do Desterro,0101-4846,2175-8026,"English, Portuguese",Universidade Federal de Santa Catarina,No,CC BY,No
New Zealand Journal of Forestry Science,0048-0134,1179-5395,English,Scion,No,CC BY,No
Revista de Ciencias Economicas,0252-9521,2215-3489,"English, Spanish",Universidad de Costa Rica,No,CC BY-NC-ND,No
Kronos,0259-0190,2309-9585,English,"University of the Western Cape, Centre for Humanities Research and the History Department",No,CC BY-SA,No
Revista Brasileira de Saúde Ocupacional,0303-7657,2317-6369,"English, Portuguese",Fundacentro,No,CC BY,No
Revista de la Facultad de Ciencias Agrarias,0370-4661,1853-8665,"English, Spanish",Facultad de Ciencias Agrarias. Universidad Nacional de Cuyo,No,CC BY-NC-SA,Yes
Journal of Dairy Science,0022-0302,1525-3198,English,Elsevier,No,"CC BY, CC BY-NC-ND",Yes
Estudos de Religião,0103-801X,2176-1078,"Spanish, Portuguese",Universidade Metodista de São Paulo,No,CC BY,No
Affectio Societatis,0123-8884,,"Portuguese, Spanish",Universidad de Antioquia,No,CC BY-NC-SA,No
Revista de la Facultad de Ciencias,0121-747X,2357-5549,Spanish,"Universidad Nacional de Colombia, sede Medellín",No,CC BY-NC-ND,No
Anthropology in Action,0967-201X,1752-2285,English,Berghahn Books,No,"CC BY, CC BY-ND, CC BY-NC-ND",No
Exilium,,2675-6188,"Italian, French, English, Spanish, Portuguese",Universidade Federal de São Paulo,No,CC BY-NC-ND,No
Revista del IICE,0327-7763,2451-5434,"English, Portuguese, Spanish","Facultad de Filosofía y Letras, Universidad de Buenos Aires",No,CC BY-SA,No
RUDN Journal of Studies in Literature and Journalism,2312-9220,2312-9247,"Russian, English",Peoples’ Friendship University of Russia (RUDN University),No,CC BY-NC,No
Journal of Environmental and Science Education,2797-0175,2775-2518,English,Universitas Negeri Semarang,No,CC BY,No
New Diversities,2199-8108,2199-8116,English,Max Planck Institute for the Study of Religious and Ethnic Diversity,No,CC BY,No
Jurnal Tata Kota dan Daerah,2338-168X,2686-5742,"English, Indonesian",Universitas Brawijaya,No,CC BY,No
Assiut Veterinary Medical Journal,1012-5973,2314-5226,English,"Full contents: Assiut University, Faculty of Veterinaty Medicine",No,CC BY,Yes
Research & Politics,,2053-1680,English,SAGE Publishing,No,"CC BY, CC BY-NC, CC BY-NC-ND",Yes
Археология евразийских степей,2587-6112,2618-9488,"English, Russian",State institution «Tatarstan Аcademy of Sciences»,Yes,CC BY-NC,No
JEBA (Journal of Economics and Business Aseanomics),2527-7499,2528-3634,"Indonesian, English",Lembaga Penelitian Universitas YARSI (LPUY),No,CC BY-SA,No
Bisnis & Birokrasi: Jurnal Ilmu Administrasi dan Organisasi (International Journal of Administrative Sciences & Organization),0854-3844,2355-7826,English,"Faculty of Administrative Science, Universitas Indonesia",No,CC BY-SA,No
Jurnal Teknoinfo,1693-0010,2615-224X,"English, Indonesian",Universitas Teknokrat Indonesia,No,CC BY-SA,Yes
Agroindustrial Technology Journal,2599-0799,2598-9480,"Indonesian, English",Universitas Darussalam Gontor,No,CC BY-NC-SA,No
Jurnal Kajian Seni,2356-296X,2356-3001,"Indonesian, English",Universitas Gadjah Mada,No,CC BY-SA,No
Tạp chí Quản lý và Kinh tế Quốc tế,2615-9848,,Vietnamese,"HDV INSER., JSC",No,CC BY-NC,No
Al-Ma'mun,2723-3596,2746-0509,"Indonesian, English",UPT. Perpustakaan UIN Prof. K.H. Saifuddin Zuhri Purwokerto,No,CC BY,No
Journal of Wildlife and Parks,0127-8126,,English,Department of Wildlife and National Parks Peninsular Malaysia,No,CC BY-NC-SA,No
SciPost Physics Lecture Notes,,2590-1990,English,SciPost,Yes,CC BY,No
Jurnal Riset dan Aplikasi: Akuntansi dan Manajemen,2443-3381,2443-1419,"English, Indonesian",Politeknik Negeri Malang,No,CC BY-SA,Yes
Journal of Islamic Thought and Civilization,2075-0943,2520-0313,English,University of Management and Technology,No,CC BY,No
Trends in Peptide and Protein Sciences,2538-2535,2538-2446,English,Shahid Beheshti University of Medical Sciences,No,CC BY-NC,No
Clinical and Experimental Vaccine Research,2287-3651,2287-366X,English,Seoul : Korean Vaccine Society,No,CC BY-NC,No
Приноси към българската археология,1310-7976,2603-3410,"English, Bulgarian","Bulgarian Academy of Sciences, National Archaeological institute with Museum",No,CC BY-NC-ND,No
Arti dello Spettacolo / Performing Arts,,2421-2679,"English, Italian, French, Russian, Spanish",Universitalia,No,CC BY,No
Revista da Faculdade de Direito da Universidade Federal de Minas Gerais,0304-2340,1984-1841,"French, Spanish, Italian, English, Portuguese","Universidade Federal de Minas Gerais, Faculdade de Direito",No,CC BY-NC,No
Revista Técnica Energía,1390-5074,2602-8492,"English, Spanish",Operador Nacional de Electricidad – CENACE,No,CC BY-NC,No
Skandinaviske Sprogstudier,,1904-7843,English,Royal Danish Library,No,CC BY,No
مهندسی مکانیک دانشگاه تبریز,2228-5148,2783-0772,Persian,University of Tabriz,No,CC BY-NC,Yes
Babali Nursing Research,2776-6993,2721-5989,English,Babali Health,No,CC BY,Yes
Boletim do Museu Paraense Emílio Goeldi. Ciências Humanas,1981-8122,2178-2547,"Spanish, Portuguese, French, English",Museu Paraense Emílio Goeldi,No,CC BY,No
Латиноамериканский исторический альманах,2305-8773,2713-0282,"Portuguese, Spanish, English, Russian",Russian Academy of Science. Institute of World History,No,CC BY,No
iPolytech Journal,2782-4004,2782-6341,English,Irkutsk National Research Technical University,Yes,CC BY,No
Urogynaecologia International Journal,1121-3086,2038-8314,English,PAGEPress Publications,No,CC BY-NC,No
Meliora,,2767-7052,English,Columbia University Libraries,No,CC BY,No
VacciMonitor,1025-028X,1025-0298,"Spanish, English",Finlay Ediciones,No,CC BY-NC,No
Mutiara Medika,1411-8033,2614-0101,English,Universitas Muhammadiyah Yogyakarta,No,CC BY,Yes
Saliha,2614-1388,2622-7479,"English, Indonesian",STAI Terpadu Yogyakarta,No,CC BY-SA,No
Research in Education and Learning Innovation Archives,,2659-9031,Spanish,Universitat de València,No,"CC BY-ND, CC BY-NC-SA",No
Asatiza,2721-0723,2716-3202,"English, Indonesian",STAI Auliaurrasyidin Tembilahan,No,CC BY-SA,Yes
AIMS Genetics,,2377-1143,English,AIMS Press,No,CC BY,No
Diálogo das Letras,,2316-1795,"Portuguese, English, French, Spanish",Universidade do Estado do Rio Grande do Norte,No,CC BY,No
Advances in Weed Science,,2675-9462,English,Brazilian Weed Science Society,No,CC BY,Yes
Jurnal Nasional Teknik Elektro,2302-2949,2407-7267,"Indonesian, English",Universitas Andalas,No,CC BY-NC-SA,Yes
Biomédica: revista del Instituto Nacional de Salud,0120-4157,2590-7379,"English, Spanish",Instituto Nacional de Salud,No,Publisher's own license,No
Trabalhos em Linguística Aplicada,0103-1813,2175-764X,"English, Portuguese, Spanish",Universidade Estadual de Campinas,No,CC BY,No
Jurnal Pengabdian Multidisiplin,,2775-2097,Indonesian,Kuras Institute,No,CC BY,Yes
Ψυχολογία: το Περιοδικό της Ελληνικής Ψυχολογικής Εταιρείας,1106-5737,2732-6640,"English, Modern Greek (1453-)",National Documentation Center,No,CC BY-SA,No
"Microbes, Infection and Chemotherapy",,2789-4274,English,Universidad Nacional Hermilio Valdizán de Huánuco,No,CC BY,No
Jurnal Sporta Saintika,2502-5651,2579-5910,Indonesian,Jurusan Kesehatan Dan Rekreasi Fakultas Ilmu Keolahragaan Universitas Negeri Padang,No,CC BY-SA,No
Specialusis Ugdymas,1392-5369,2424-3299,"English, Lithuanian",Vilnius University Press,Yes,CC BY,No
Capture,2086-308X,2338-428X,"English, Indonesian","Jurusan Seni Media Rekam, Fakultas Seni Rupa dan Desain, Institut Seni Indonesia (ISI) Surakarta",No,CC BY-SA,Yes
Verbum Christi,2355-6374,2745-6668,"Indonesian, English",Sekolah Tinggi Teologi Reformed Injili Internasional,No,CC BY-NC,No
Actualidad Jurídica Ambiental,,1989-5666,"Spanish, Portuguese, Galician, English",Centro Internacional de Estudios de Derecho Ambiental,No,CC BY-NC-ND,No
Revista de Direito da Faculdade Guanambi,,2447-6536,"French, Italian, Spanish, English, Portuguese",Centro Universitário FG,Yes,CC BY-NC-SA,No
APL Photonics,,2378-0967,English,AIP Publishing LLC,No,CC BY,Yes
Manajemen dan Bisnis,1412-3789,2477-1783,"Indonesian, English","Department of Management, Faculty of Economics and Business, Universitas Surabaya",No,CC BY,No
Argumentos,1984-4247,1984-4255,Portuguese,Universidade Federal do Ceará,No,CC BY,No
Восточная Азия: факты и аналитика,,2686-7702,"English, Russian","Russian Academy of Sciences, Institute of China and Contemporary Asia (ICCA RAS)",No,CC BY,No
Acta Mycologica,0001-625X,2353-074X,English,Polish Botanical Society,Yes,CC BY,Yes
Mistral,,2772-4913,"Spanish, Portuguese, English",University of Groningen Press,No,CC BY-NC-ND,No
Hozen seitaigaku kenkyu,1342-4327,2424-1431,Japanese,The Ecological Society of Japan,No,CC BY,Yes
Social Inclusion,,2183-2803,English,Cogitatio,Yes,CC BY,Yes
Jurnal Informatika,1411-0105,2528-5823,"English, Indonesian",Petra Christian University,No,CC BY,No
Acta Societatis Botanicorum Poloniae,0001-6977,2083-9480,English,Polish Botanical Society,Yes,CC BY,Yes
Ascarya,2798-5083,2775-4243,"English, Indonesian",Perkumpulan Alumni dan Santri Mahyajatul Qurro',No,CC BY-NC,Yes
Jurnal DinamikA,,2723-1410,"English, Indonesian",IAIN Salatiga,No,CC BY-SA,No
Wirapuru,,2452-5901,"Spanish, Portuguese",Ariadna Ediciones,No,CC BY-NC-SA,No
Actas Dermo-Sifiliográficas,0001-7310,1578-2190,"Spanish, English",Elsevier,No,CC BY-NC-ND,Yes
Portuguese Journal of Dermatology and Venereology,2795-501X,2795-5001,English,Permanyer,No,CC BY-NC-ND,No
Journal of Evolutionary Studies in Business,,2385-7137,English,Universitat de Barcelona,No,CC BY-NC,No
Sociedade e Estado,0102-6992,1980-5462,"English, Portuguese, Spanish",Universidade de Brasília,No,CC BY-NC,No
Revista de Teorias da Democracia e Direitos Políticos,,2525-9660,Portuguese,Conselho Nacional de Pesquisa e Pós-graduação em Direito,No,CC BY-NC,No
CHIRONOMUS Journal of Chironomidae Research,0172-1941,2387-5372,"English, Norwegian",NTNU University Museum Norwegian University of Science and Technology,No,CC BY,No
Cirugía Plástica Ibero-Latinoamericana,0376-7892,1989-2055,Spanish,"Sociedad Española de Cirugía Plástica, Reparadora y Estética (SECPRE)",No,CC BY-NC-ND,No
Aturá,,2526-8031,Portuguese,Universidade Federal do Tocantins,No,CC BY-NC,No
JBN (Jurnal Bedah Nasional),2548-5962,2548-981X,"English, Indonesian",Universitas Udayana,No,CC BY,No
Población y Desarrollo,2076-0531,2076-054X,Spanish,Universidad Nacional de Asunción,No,CC BY,No
Biogeographia,1594-7629,2475-5257,English,"eScholarship Publishing, University of California",No,CC BY,No
Львівський клінічний вісник,2306-4269,2520-2898,"English, Russian, Ukrainian","Publishing House ""Kyrylytsya""",No,CC BY-NC-ND,No
Revista Maracanan,1807-989X,2359-0092,Portuguese,Universidade do Estado do Rio de Janeiro,No,CC BY-NC-SA,No
Zurnal hromatograficnogo tovaristva,1729-7192,,"English, Russian, Ukrainian",Taras Shevchenko National University of Kyiv,No,CC BY-NC-ND,No
"Revista de Política Judiciária, Gestão e Administração da Justiça",,2525-9822,Portuguese,Conselho Nacional de Pesquisa e Pós-graduação em Direito (CONPEDI),No,CC BY-NC,No
Revista Interuniversitaria de Formación del Profesorado,0213-8646,2530-3791,Spanish,Universidad de Murcia,No,CC BY,No
Економіка та право,1681-6277,2523-4838,"English, Russian, Ukrainian",PH “Akademperiodyka”,No,CC BY,No
Social Analysis,0155-977X,1558-5727,English,Berghahn Books,No,"CC BY, CC BY-ND, CC BY-NC-ND",No
Psicológica,0211-2159,1576-8597,English,DIGITAL.CSIC,No,"CC BY, CC BY-SA, CC BY-NC, CC BY-NC-SA",No
Revista de Filología Española,0210-9174,1988-8538,Spanish,Consejo Superior de Investigaciones Científicas,No,CC BY,No
Cuadernos de Estudios Gallegos,0210-847X,1988-8333,"Spanish, Galician, French, English",Consejo Superior de Investigaciones Científicas,No,CC BY,No
Ruch Biblijny i Liturgiczny,0209-0872,2391-8497,"Spanish, Russian, Polish, Italian, German, French, English",Polskie Towarzystwo Teologiczne,No,CC BY-NC-ND,No
Anales del Jardín Botánico de Madrid,0211-1322,1988-3196,"Spanish, English",Consejo Superior de Investigaciones Científicas,No,CC BY,No
Studia Historica: Historia Moderna,0213-2079,2386-3889,"Spanish, Italian, English",Ediciones Universidad de Salamanca,No,CC BY-NC-ND,No
Historia de la Educación,0212-0267,2386-3846,"Spanish, Portuguese, Italian, French, English",Ediciones Universidad de Salamanca,No,CC BY-NC-ND,No
Anuario Musical,0211-3538,1988-4125,"Spanish, Portuguese, Italian, German, French, English, Catalan",Consejo Superior de Investigaciones Científicas,No,CC BY,No
"Современные инновации, системы и технологии",2782-2826,2782-2818,"Russian, English",Siberian Scientific Centre DNIT,No,CC BY,No
Cardiology Discovery,2096-952X,2693-8499,English,Wolters Kluwer Health/LWW,No,CC BY-NC-ND,No
Intelligent Medicine,2096-9376,2667-1026,English,Elsevier,No,"CC BY, CC BY-NC-ND",Yes
Journal of Orthopaedic Reports,,2773-157X,English,Elsevier,No,"CC BY, CC BY-NC-ND",Yes
Dialogues in Health,,2772-6533,English,Elsevier,No,"CC BY, CC BY-NC-ND",Yes
Semestre Economico,2072-0572,2523-0840,"Spanish, English",Universidad Nacional del Altiplano,No,CC BY,No
Telematics and Informatics Reports,,2772-5030,English,Elsevier,No,"CC BY, CC BY-NC-ND",Yes
Eclética Química,0100-4670,1678-4618,English,Universidade Estadual Paulista,No,CC BY,No
Архивъ внутренней медицины,2226-6704,2411-6564,Russian,SINAPS LLC,No,CC BY,No
Biomedical Photonics,2413-9432,,Russian,"Non-profit partnership for development of domestic photodynamic therapy and photodiagnosis ""Russian Photodynamic Association""",No,CC BY,No
BRICS Law Journal,2409-9058,2412-2343,"English, Russian",Publshing House V.Ема,No,CC BY,No
EAI Endorsed Transactions on Smart Cities,,2518-3893,English,European Alliance for Innovation (EAI),No,CC BY-NC-SA,No
Ибероамериканские тетради,2409-3416,2658-5219,Russian,Moscow State Institute of International Relations (MGIMO),Yes,CC BY,No
Детские инфекции (Москва),2072-8107,,Russian,"LLC ""Diagnostics and Vaccines""",No,CC BY,No
Antropologías del Sur,0719-4498,0719-5532,"Spanish, Portuguese",Universidad Academia de Humanismo Cristiano,No,CC BY-NC-ND,No
Kemija u Industriji,0022-9830,1334-9090,"English, Croatian",Croatian Society of Chemical Engineers,No,CC BY,No
Scientia Marina,0214-8358,1886-8134,English,Consejo Superior de Investigaciones Científicas,No,CC BY,No
Distúrbios da Comunicação,0102-762X,2176-2724,Portuguese,Pontifícia Universidade Católica de São Paulo,No,CC BY-NC-SA,No
Jurnal MIPA,0215-9945,,"Indonesian, English",Universitas Negeri Semarang,No,CC BY,No
Cultur,,1982-5838,"Spanish, Portuguese, English",Universidade Estadual de Santa Cruz (UESC),No,CC BY-NC-ND,No
Inscriptions,2535-7948,2535-5430,English,Tankebanen forlag,No,CC BY,Yes
DIE ERDE: Journal of the Geographical Society of Berlin,0013-9998,,English,Gesellschaft für Erdkunde zu Berlin,No,CC BY,Yes
Novitates Theriologicae,2709-491X,2709-4928,"English, Ukrainian",Ukrainian Theriological Society,No,CC BY-SA,No
Vikalpa,0256-0909,2395-3799,English,SAGE Publishing,No,"CC BY, CC BY-NC",No
Revista Costarricense de Psicología,0257-1439,1659-2913,"Spanish, Portuguese, English",Colegio Profesional de Psicólogos de Costa Rica,No,CC BY-NC-ND,No
Malacologica Bohemoslovaca,,1336-6939,"Slovak, English, Czech","Department of Botany and Zoology, Faculty of Science, Masaryk University",No,CC BY,No
Journal of Early Childhood Education Research,,2323-7414,"English, Finnish",Early Childhood Education Association Finland,No,CC BY-NC,No
JDE (Journal of Developing Economies),2541-1012,2528-2018,English,Departemen Ilmu Ekonomi Fakultas Ekonomi dan Bisnis Universitas Airlangga,No,CC BY,No
Revija za Sociologiju,0350-154X,1846-7954,"English, Croatian",Hrvatsko sociološko društvo,No,CC BY,No
Glasnik Etnografskog Instituta SANU,0350-0861,2334-8259,"Serbian, English","Institute of Ethnography, SASA, Belgrade",No,CC BY-NC-ND,No
Geološki Anali Balkanskoga Poluostrva,0350-0608,2406-0747,English,"Faculty of Mining and Geology, Belgrade",No,CC BY,No
Fizička Kultura,0350-3828,2217-947X,"English, Serbian","University of Belgrade, Faculty of Sport and Physical Education",No,CC BY,No
Zbornik Radova Pravnog Fakulteta u Nišu,0350-8501,2560-3116,"Serbian, English","Faculty of Law, Niš",No,CC BY-SA,No
Science of Sintering,0350-820X,1820-7413,English,"International Institute for the Science of Sintering, Beograd",No,CC BY,No
Vjesnik Arheološkog muzeja u Zagrebu,0350-7165,1849-1561,"Latin, Italian, German, English, Croatian",Arheološki muzej u Zagrebu,No,CC BY-NC-ND,No
Glasnik Srpskog Geografskog Društva,0350-3593,2406-078X,"Serbian, English",Serbian Geographical Society,No,CC BY-NC-ND,No
Psihološka Istraživanja,0352-7379,2560-306X,"Serbian, English","University of Belgrade, Faculty of Philosophy, Institute of Psychology",No,CC BY-SA,No
Pravni Vjesnik,0352-5317,1849-0840,"English, Croatian","Josip Juraj Strossmayer University of Osijek, Faculty of Law",No,CC BY-NC,No
Acta Stomatologica Naissi,0352-5252,1820-1202,"Serbian, English","Medicinski fakultet i Klinika za stomatologiju, Niš",No,CC BY-SA,No
Turističko Poslovanje,0354-3099,2560-3361,"Serbian, English","Visoka turistička škola strukovnih studija, Beograd",No,CC BY-NC,No
Acta Clinica Croatica,0353-9466,1333-9451,English,"Sestre Milosrdnice University hospital, Institute of Clinical Medical Research",No,CC BY-NC-ND,No
Podzemni Radovi,0354-2904,2560-3337,"Serbian, English","Faculty of Mining and Geology, Belgrade",No,CC BY,No
Festival dell'Architettura Magazine,,2039-0491,"English, Italian",Festival Architettura Edizioni,Yes,CC BY-NC-SA,No
Selekcija i Semenarstvo,0354-5881,2406-209X,"Serbian, English",Serbian Association of Plant Breedings and Seed Producers,No,CC BY-SA,No
Marketing (Beograd. 1991),0354-3471,2334-8364,"Serbian, English",Srpsko udruženje za marketing,No,CC BY-SA,No
Токови историје,0354-6497,2560-547X,"Serbian, English, Croatian",Institut za noviju istoriju Srbije,No,CC BY-NC-ND,No
Zbornik Radova Filozofskog Fakulteta u Prištini,0354-3293,2217-8082,"Serbian, English","Faculty of Philosophy, Kosovska Mitrovica",No,CC BY-NC,No
Arhitektura i Urbanizam,0354-6055,2217-8074,Serbian,Institute of Architecture and Urban and Spatial Planning of Serbia,No,CC BY-SA,No
Facta Universitatis. Series: Economics and Organization,0354-4699,2406-050X,English,University of Niš,No,CC BY-NC-ND,No
"NBP: Nauka, bezbednost, policija",0354-8872,2620-0406,"English, Serbian","University of Criminal Investigation and Police Studies, Belgrade",No,CC BY,No
Estudios Geologicos,0367-0449,1988-3250,"Spanish, French, English",Consejo Superior de Investigaciones Científicas,No,CC BY,No
Geographica Pannonica,0354-8724,1820-7138,English,"University of Novi Sad, Department of Geography, Tourism and Hotel Management",No,CC BY,No
Acta Agriculturae Serbica,0354-9542,2560-3140,"Serbian, English","University of Kragujevac, Faculty of Agronomy, Cacak",No,CC BY,No
Geotecnia,0379-9522,2184-8394,"Spanish, Portuguese",Universidade de Coimbra,No,CC BY,No
Statistica,0390-590X,1973-2201,English,University of Bologna,No,CC BY,No
Materiales de Construccion,0465-2746,1988-3226,"Spanish, English",Consejo Superior de Investigaciones Científicas,No,CC BY,No
Hrvatski Dijalektološki Zbornik,0439-691X,2459-4849,"Ukrainian, Slovenian, Slovak, Russian, Macedonian, English, Croatian",Hrvatska akademija znanosti i umjetnosti,No,CC BY-NC,No
Nastava i Vaspitanje,0547-3330,2560-3051,"Serbian, English",Pedagoško društvo Srbije i Institut za pedagogiju i andragogiju Filozofskog fakulteta Univerziteta u Beogradu,No,CC BY-SA,No
Narodna Umjetnost,0547-2504,1848-865X,"English, Croatian",Institute of Ethnology and Folklore Research,No,Publisher's own license,No
European Journal of Pharmaceutical Sciences,0928-0987,1879-0720,English,Elsevier,No,"CC BY, CC BY-NC-ND",Yes
Безопасность техногенных и природных систем,,2541-9129,Russian,Don State Technical University,Yes,CC BY,No
Journal of Human Growth and Development,0104-1282,2175-3598,"English, Portuguese",Universidade de São Paulo,No,Publisher's own license,No
Forma y Función,0120-338X,2256-5469,"English, Portuguese, Spanish",Universidad Nacional de Colombia,No,CC BY-NC-ND,No
Literatura Mexicana,0188-2546,2448-8216,Spanish,Universidad Nacional Autónoma de México,No,CC BY-NC,No
Infectio,0123-9392,,"English, Spanish",Asociación Colombiana de Infectología,No,CC BY-NC-ND,Yes
Estudios Sociales,0188-4557,2395-9169,Spanish,Centro de Investigación en Alimentación y Desarrollo,No,CC BY-NC,No
Anales de Antropología,0185-1225,2448-6221,Spanish,Universidad Nacional Autónoma de México,No,CC BY,No
Estudios Gerenciales,0123-5923,,Spanish,Universidad ICESI,No,CC BY,No
Publica,2085-6555,2715-9256,English,"FISIP UIN Sunan Gunung Djati Bandung, Jurusan Administrasi Publik",No,CC BY-SA,No
Brown Journal of Hospital Medicine,,2831-5553,English,"Department of Medicine, Warren Alpert Medical School at Brown University",Yes,CC BY-NC,Yes
Pteridines,0933-4807,2195-4720,English,De Gruyter,No,CC BY,Yes
South African Journal of Agricultural Extension,0301-603X,2413-3221,English,SASAE - South African Society for Agricultural Extension,No,CC BY,Yes
RUDN Journal of Ecology and Life Safety,2313-2310,2408-8919,"English, Russian",Peoples’ Friendship University of Russia (RUDN University),No,CC BY-NC,No
Discrete and Continuous Models and Applied Computational Science,2658-4670,2658-7149,English,Peoples’ Friendship University of Russia (RUDN University),Yes,CC BY-NC,No
Высшее образование в России,0869-3617,2072-0459,"English, Russian",Moscow Polytechnic University,Yes,CC BY,No
"Training, Language and Culture",2520-2073,2521-442X,English,Peoples’ Friendship University of Russia (RUDN University),No,CC BY-NC,No
Polylinguality and Transcultural Practices,2618-897X,2618-8988,"Russian, English",Peoples’ Friendship University of Russia (RUDN University),No,CC BY-NC,No
Russian Journal of Linguistics,2687-0088,2686-8024,"Russian, English",Peoples’ Friendship University of Russia (RUDN University),No,CC BY-NC,No
Russian Language Studies,2618-8163,2618-8171,"English, Russian",Peoples’ Friendship University of Russia (RUDN University),No,CC BY,No
RUDN Journal of Law,2313-2337,2408-9001,"Russian, English",Peoples’ Friendship University of Russia (RUDN University),No,CC BY-NC,No
Redieluz,2244-7334,2791-3953,Spanish,"Universidad del Zulia, Vicerrectorado Académico",No,CC BY-NC-SA,No
Revista de Historia,1012-9790,2215-4744,Spanish,"Universidad Nacional, Costa Rica",No,CC BY-NC-SA,No
Agronomía Mesoamericana,1021-7444,2215-3608,Spanish,Universidad de Costa Rica,No,CC BY-NC-ND,No
Journal of Biomedical Science,1021-7770,1423-0127,English,BMC,Yes,"CC BY, CC0",No
Frontiers in Engineering and Built Environment,2634-2499,2634-2502,English,Emerald Publishing,No,CC BY,No
Logista: Jurnal Ilmiah Pengabdian Kepada Masyarakat,2579-6283,2655-951X,Indonesian,Jurusan Teknologi Hasil Pertanian FTP Universitas Andalas,No,CC BY-NC,Yes
WikiJournal of Medicine,,2002-4436,English,WikiJournal User Group,No,"CC BY, CC BY-SA, CC0",No
The Global Psychotherapist,,2710-1460,"Ukrainian, Russian, English",WAPP,No,CC BY,No
Polarforschung,0032-2490,2190-1090,"English, German",Copernicus Publications,Yes,CC BY,No
Tydskrif vir Letterkunde,0041-476X,2309-9070,"Afrikaans, Dutch, English, French",Tydskrif vir Letterkunde Association,No,CC BY-SA,Yes
Nordic Journal of STEM Education,,2535-4574,"English, Danish, Swedish, Norwegian",NTNU Open Access Journals,No,CC BY,No
Archivo Español de Arqueología,0066-6742,1988-3110,"English, Spanish",Consejo Superior de Investigaciones Científicas,No,CC BY,No
Journal of Higher Education Policy and Leadership Studies,,2717-1426,English,Ali Khorsandi Taskoh,No,CC BY-NC,No
Revista Chilena de Literatura,0048-7651,0718-2295,Spanish,Universidad de Chile,No,CC BY-NC-ND,No
Essays in French Literature and Culture,1835-7040,,"English, French",The University of Western Australia,No,CC BY-NC-ND,No
Geografares,1518-2002,2175-3709,"French, Portuguese, Spanish",Editora da Geografia,No,CC BY,No
Studia Anglica Posnaniensia,0081-6272,2082-5102,English,Sciendo,No,CC BY-NC-ND,No
Revista Sociedade & Natureza,0103-1570,1982-4513,"Portuguese, English, Spanish",Editora da Universidade Federal de Uberlândia,No,CC BY,No
Cadernos de Estudos Lingüísticos,0102-5767,2447-0686,Portuguese,Universidade Estadual de Campinas,No,CC BY-NC,No
Cleaner Production Letters,,2666-7916,English,Elsevier,No,"CC BY, CC BY-NC-ND",Yes
JPFT (Jurnal Pendidikan Fisika dan Teknologi),2614-5618,2407-6902,"English, Indonesian",Program Studi Pendidikan Fisika FKIP Universitas Mataram,No,CC BY-SA,Yes
Ahmar Metastasis Health Journal,2797-6483,2797-4952,"English, Indonesian",Yayasan Ahmad Mansyur Nasirah,No,CC BY-SA,Yes
Pesquisa Agropecuária Brasileira,0100-204X,1678-3921,"Spanish, Portuguese, English",Embrapa Informação Tecnológica,No,CC BY,No
Política y Estrategia,0716-7415,0719-8027,"English, Spanish",Academia Nacional de Estudios Políticos y Estratégicos,No,CC BY,No
Българско е-Списание за Археология,,1314-5088,"English, Bulgarian",Association of Bulgarian Archaeologists,No,CC BY-NC-ND,No
Cirugía y Cirujanos,0009-7411,2444-054X,"English, Spanish",Permanyer,No,CC BY-NC-ND,No
Arhiv za farmaciju,0004-1963,2217-8767,Serbian,"Pharmaceutical Association of Serbia, Belgrade, Serbia",No,CC BY-SA,No
Ekonomski Anali,0013-3264,1820-7375,English,"Faculty of Economics, Belgrade",No,CC BY-NC-ND,No
Croatica Chemica Acta,0011-1643,1334-417X,English,Croatian Chemical Society,No,CC BY,No
Телекинет,,2618-9313,Russian,Телекинет,No,CC BY-NC-ND,No
Foundations of Computing and Decision Sciences,,2300-3405,English,Sciendo,No,CC BY-NC-ND,No
Fisioterapia em Movimento,0103-5150,1980-5918,English,Editora Champagnat,No,CC BY,Yes
Nova Economia,0103-6351,,"Spanish, Portuguese, English",Universidade Federal de Minas Gerais,No,CC BY,No
Journal of Global Health Economics and Policy,,2806-6073,English,International Society of Global Health,No,CC BY,Yes
Jurnal Inovasi Pendidikan dan Pembelajaran Sekolah Dasar,2622-5069,2579-3403,"Indonesian, English",Universitas Negeri Padang,No,CC BY,Yes
POCUS Journal,,2369-8543,English,CINQUILL Medical Publishers Inc.,No,CC BY,No
Ahmar Metakarya,2807-3797,2807-3576,"English, Indonesian",Yayasan Ahmad Mansyur Nasirah,No,CC BY-SA,Yes
Уфимский археологический вестник,1814-1692,2782-2842,"English, Russian","Russian Academy of Sciences, Ufa Federal Research Center",No,CC BY,No
Vetor,0102-7352,2358-3452,"English, Portuguese",Universidade Federal do Rio Grande,No,CC BY-NC-ND,No
Actualidades en Psicología,0258-6444,2215-3535,Spanish,Universidad de Costa Rica,No,CC BY-NC-ND,No
KONA Powder and Particle Journal,0288-4534,2187-5537,English,Hosokawa Powder Technology Foundation,No,CC BY,No
Revista Facultad Nacional de Agronomía Medellín,0304-2847,2248-7026,English,"Universidad Nacional de Colombia, Sede Medellín",No,CC BY-NC-ND,No
Synthesis (La Plata),0328-1205,1851-779X,"Spanish, Portuguese, French, English",Universidad Nacional de La Plata,No,CC BY-NC-SA,No
"Ciencia, Docencia y Tecnología",0327-5566,1851-1716,"Portuguese, Spanish",Universidad Nacional de Entre Ríos,No,CC BY-NC-SA,No
Industrija,0350-0373,2334-8526,"Serbian, English","Economics institute, Belgrade",No,CC BY-SA,No
Filozofska Istraživanja,0351-4706,1848-2309,Croatian,Croatian Philosophical Society,No,CC BY-NC,No
"Zbornik Radova: Elektrotehnički Institut ""Nikola Tesla""",0350-8528,2406-1212,"Serbian, English",Electrical Engineering Institute Nikola Tesla,No,CC BY,No
Praxis Medica,0350-8773,2560-3310,"Serbian, English","Medicinski fakultet Priština, Društvo lekara Kosova i Metohije Srpskog lekarskog društva",No,CC BY,No
Istorija 20. Veka,0352-3160,2560-3647,"Serbian, Russian, German, French, English",Institut za Savremenu Istoriju,No,CC BY-NC-ND,No
Chemical and Biochemical Engineering Quarterly,0352-9568,1846-5153,English,Croatian Society of Chemical Engineers,No,CC BY,No
Revenue,2715-825X,2829-2944,"English, Indonesian","Islamic Business Management Program, Faculty of Islamic Economics and Business, UIN Raden Intan Lampung",No,CC BY,No
"Arid Zone Journal of Engineering, Technology and Environment",,2545-5818,English,University of Maiduguri,No,CC BY-NC-ND,Yes
Archiwum Filozofii Prawa i Filozofii Społecznej,2082-3304,,"Polish, English",Stowarzyszenie Filozofii Prawa i Filozofii Społecznej – Sekcja Polska IVR,No,CC BY-NC-ND,No
Тазовая хирургия и онкология,2686-9594,,Russian,"“ABV-press” Publishing house”, LLC",Yes,CC BY,No
Bulletin of Integrative Psychiatry,1453-7257,,"English, Romanian",Sedcom Libris,No,CC BY,No
Visualidades,1679-6748,2317-6784,"English, Portuguese, Spanish",Universidade Federal de Goiás,No,CC BY,No
Communications in Combinatorics and Optimization,2538-2128,2538-2136,English,Azarbaijan Shahide Madani University,No,CC BY-SA,No
Revista de Geografía Espacios,0719-0573,0719-7209,"Portuguese, Spanish",Universidad Academia de Humanismo Cristiano,No,CC BY-NC-ND,No
Наукові праці Лісівничої академії наук України,1991-606X,2616-5015,"English, Russian, Ukrainian",Ukrainian National Forestry University,No,CC BY,Yes
Людина і довкілля: Проблеми неоекології,1992-4224,2415-7678,Ukrainian,V. N. Karazin Kharkiv National University,No,CC BY,No
Вісник Харківського національного університету імені В. Н. Каразіна Серія: «Право»,2075-1834,,"English, Russian, Ukrainian",V. N. Karazin Kharkiv National University,No,CC BY,No
Qualitative Studies,,1903-7031,English,State Library & Aalborg University,No,Publisher's own license,No
Revista Multitexto,2316-4484,,Portuguese,Universidade Estadual de Montes Claros,No,CC BY-NC-ND,No
Український журнал серцево-судинної хірургії,2664-5963,2664-5971,"English, Russian, Ukrainian",Professional Edition Eastern Europe,No,CC BY-SA,No
Scientific Drilling,1816-8957,1816-3459,English,Copernicus Publications,Yes,CC BY,No
Caminhos da História,1517-3771,2317-0875,Portuguese,Universidade Estadual de Montes Claros,No,CC BY-NC-ND,No
Beoiberistika,,2560-4163,Spanish,"University of Belgrade, Faculty of Philology",No,CC BY-SA,No
Brazilian Journal of Oceanography,1679-8759,1982-436X,English,Universidade de São Paulo,No,CC BY-NC,No
Annals of Pediatric Endocrinology & Metabolism,2287-1012,2287-1292,English,Korean Society of Pediatric Endocrinology,No,CC BY-NC,No
Qualifizierung für Inklusion,,2699-2477,German,"Prof. Dr. Dieter Katzenbach, Prof. Dr. Michael Urban",No,CC BY-ND,No
Системи обробки інформації,1681-7710,2518-1696,"English, Russian, Ukrainian",Ivan Kozhedub Kharkiv National Air Force University,No,CC BY,Yes
"Revista Latinoamericana en Ciencias Sociales, Niñez y Juventud",1692-715X,2027-7679,"English, Portuguese, Spanish",Universidad de Manizales,No,CC BY-NC-ND,No
Claraboia,,2357-9234,Portuguese,Universidade Estadual do Norte do Paraná,No,CC BY-NC-SA,No
Ciencia UNEMI,1390-4272,2528-7737,"English, Spanish",Universidad Estatal de Milagro,No,CC BY,No
Jurnal Pembangunan dan Alam Lestari,2087-3522,2338-1671,"English, Indonesian",University of Brawijaya,No,CC BY,Yes
Revista Brasileira de Odontologia,0034-7272,1984-3747,English,Associação Brasileira de Odontologia,No,CC BY,No
Terr@ Plural,,1982-095X,"English, Portuguese, Spanish",Universidade Estadual de Ponta Grossa,No,CC BY-NC-ND,No
"Revista de Direitos Sociais, Seguridade e Previdência Social",,2525-9865,Portuguese,Conselho Nacional de Pesquisa e Pós-graduação em Direito (CONPEDI),No,CC BY-NC,No
Central and Eastern European Migration Review,,2300-1682,English,"Centre of Migration Research, University of Warsaw, and Polish Academy of Sciences",No,CC BY,No
"Proceedings of the American Mathematical Society, Series B",,2330-1511,English,American Mathematical Society,No,CC BY-NC,Yes
Dikê,,2594-0708,Spanish,Benemérita Universidad Autónoma de Puebla,No,CC BY-NC-SA,No
Therya,,2007-3364,"English, Spanish",Asociacion Mexicana de Mastozoología A.C.,No,CC BY-NC-ND,No
Revista Rupturas,2215-2989,2215-2466,Spanish,Universidad Estatal a Distancia,No,CC BY-NC-SA,No
Translation and Interpreting : the International Journal of Translation and Interpreting Research,,1836-9324,English,Western Sydney University,No,CC BY,No
Rocznik Andragogiczny,1429-186X,2391-7571,"English, German, Polish",Wydawnictwo Naukowe Uniwersytetu Mikołaja Kopernika,No,CC BY-ND,No
"Вісник Харківського національного університету імені В.Н. Каразіна. Серія: Соціологічні дослідження сучасного суспільства: методологія, теорія, методи",2227-6521,,"English, Russian, Ukrainian",V. N. Karazin Kharkiv National University,No,CC BY,No
Revista Valore,2525-9008,2526-043X,Portuguese,Faculdade Sul Fluminense,No,CC BY,No
Revista Chilena de Relaciones Internacionales,,0719-8256,Spanish,Sociedad de Historia de Valparaiso,No,CC BY-NC-ND,No
Journal of International Social Studies,,2327-3585,English,International Assembly of the National Council of the Social Studies,No,Publisher's own license,No
Agrarian,,1984-2538,Portuguese,Universidade Federal da Grande Dourados,No,CC BY-NC-SA,No
"3L Language, Linguistics and Literature: The Southeast Asian Journal of English Language Studies",0128-5157,,English,Penerbit UKM,No,CC BY,Yes
Revista de la Facultad de Medicina Humana,1814-5469,2308-0531,Spanish,Universidad Ricardo Palma,No,CC BY,No
Pensamiento Educativo: Revista de Investigación Educacional Latinoamericana,,0719-0409,Spanish,Pontificia Universidad Católica de Chile,No,CC BY,No
Indonesian Journal for Health Sciences,2549-2721,2549-2748,Indonesian,Universitas Muhammadiyah Ponorogo,No,CC BY-SA,No
Siglo Cero,0210-1696,2530-0350,Spanish,Universidad de Salamanca,No,CC BY-NC-ND,No
Limbaj si Context,1857-4149,,"English, French, German, Romanian, Russian, Spanish",Presa Universitara Balteana,No,CC BY-ND,No
Boletim da Sociedade Paranaense de Matemática,0037-8712,2175-1188,"English, Portuguese",Sociedade Brasileira de Matemática,No,CC BY,No
Jurnal Geografi,2549-3078,2549-3094,"English, Indonesian",Universitas Negeri Semarang,No,CC BY,No
Magallanica: Revista de Historia Moderna,,2422-779X,Spanish,Universidad Nacional de Mar del Plata,No,CC BY-NC-SA,No
Lindbergia,,2001-5909,English,Oikos Editorial Office,No,CC BY,No
Acta Medica Academica,1840-1848,1840-2879,English,Academy of Sciences and Arts of Bosnia and Herzegovina,No,CC BY-NC,No
Revista Brasileira de Estudos da Presença,,2237-2660,"English, French, Portuguese, Spanish",Universidade Federal do Rio Grande do Sul,No,CC BY,No
Revista Agrogeoambiental,1984-428X,2316-1817,"English, Portuguese","Instituto Federal de Educação, Ciência e Tecnologia do Sul de Minas Gerais",No,CC BY,No
Comparative Cinema,,2014-8933,"Spanish, English, Catalan",Universitat Pompeu Fabra,No,CC BY-NC-ND,No
Akuisisi,1978-6581,2477-2984,"English, Indonesian",Universitas Muhammadiyah Metro,No,CC BY,Yes
Scholarpedia,,1941-6016,English,Scholarpedia Corporation,No,CC BY-NC-SA,No
Sultan Qaboos University Journal for Science,,2414-536X,English,Sultan Qaboos University,No,CC BY,No
STIPM (STI Policy and Management) Journal,2540-9786,2502-5996,"English, Indonesian",Indonesian Institute of Sciences,No,CC BY-NC-SA,No
Soepra: Jurnal Hukum Kesehatan,,2548-818X,Indonesian,Soegijapranata Catholic University,No,CC BY,No
"Barents Studies: Peoples, Economies and Politics",,2324-0652,English,University of Lapland,No,CC BY-NC,No
Anuari de Filologia: Literatures Contemporànies,,2014-1416,"Catalan, English, German, Spanish",Universitat de Barcelona,No,CC BY,No
Oral Health and Preventive Dentistry,1602-1622,1757-9996,English,Quintessenz Verlags-GmbH,No,CC BY,Yes
Edukacyjna Analiza Transakcyjna,2299-7466,2658-1825,"English, Polish",Jan Długosz University in Częstochowa,No,CC BY,No
Acque Sotterranee,1828-454X,2280-6458,"English, Italian",PAGEPress Publications,No,CC BY-NC,No
Kínesis,,1984-8900,Portuguese,Universidade Estadual Paulista (UNESP),No,CC BY-NC-SA,No
Dilemas: Revista de Estudos de Conflito e Controle Social,1983-5922,2178-2792,"Portuguese, Spanish",Universidade Federal do Rio de Janeiro,No,CC BY,No
Вісник Харківського Національного Університету Імені В.Н. Каразіна: Серія Біологія,2075-5457,2220-9697,"Russian, Ukrainian",V. N. Karazin Kharkiv National University,No,CC BY,No
Royal Society Open Science,,2054-5703,English,The Royal Society,Yes,CC BY,Yes
Jurnal Pesona,2356-2080,2356-2072,Indonesian,Universitas Muhammadiyah Pringsewu,No,CC BY-SA,Yes
Euclid,2355-1712,2541-4453,Indonesian,Universitas Swadaya Gunung Jati,No,CC BY-SA,No
Journal of Studies in Social Sciences and Humanities,,2413-9270,English,International Educational and Social Sciences Association (IESSA),No,CC BY-NC,Yes
Revista Turismo & Cidades,,2674-6972,Portuguese,Universidade Federal do Maranhão,No,CC BY-NC-ND,No
Современные информационные технологии и IT-образование,2411-1473,,Russian,"The Fund for Promotion of Internet media, IT education, human development «League Internet Media»",No,CC BY,No
Geological Survey of Denmark and Greenland Bulletin,1604-8156,1904-4666,English,Geological Survey of Denmark and Greenland,Yes,CC BY,No
Journal of Math Circles,,2690-036X,English,Central Washington University,No,CC BY,No
Christian Journal for Global Health,,2167-2415,English,Health for All Nations,No,CC BY,No
پژوهش حسابداری,2251-8495,2538-1539,Persian,Alzahra University,No,CC BY-NC-ND,No
Megatrend Revija,1820-3159,2560-3329,"English, Serbian",University Dzon Nezbit,No,CC BY-SA,No
Journal of Innovation Management,,2183-0606,English,"Universidade do Porto, Faculdade de Engenharia (FEUP)",No,CC BY,No
Food and Feed Research,2217-5369,2217-5660,"English, Serbian","Institute for Food Technology, Novi Sad",No,CC BY,No
EntreDiversidades: Revista de Ciencias Sociales y Humanidades,2007-7602,2007-7610,Spanish,Universidad Autónoma de Chiapas,No,CC BY-NC-ND,No
Revista de Economia e Sociologia Rural,0103-2003,1806-9479,"English, Portuguese",Sociedade Brasileira de Economia e Sociologia Rural,No,CC BY,Yes
Cuadernos Geográficos,0210-5462,,"English, Spanish",Universidad de Granada,No,CC BY-NC,No
Critical Studies in Teaching and Learning,,2310-7103,English,University of the Western Cape,No,CC BY,Yes
Revista U.D.C.A Actualidad & Divulgación Científica,0123-4226,2619-2551,Spanish,Universidad de Ciencias Aplicadas y Ambientales,No,CC BY-NC,No
JHEP Reports,,2589-5559,English,Elsevier,No,"CC BY, CC BY-NC-ND",Yes
Revista Española de Salud Pública,1135-5727,,"English, Spanish",Ministerio de Sanidad y Consumo,No,CC BY-NC-ND,No
Share: Jurnal Ekonomi dan Keuangan Islam,2089-6239,2549-0648,"Arabic, English, Indonesian",Ar-Raniry State Islamic University of Aceh,No,CC BY-SA,Yes
Sudamérica,2250-7779,2314-1174,Spanish,Universidad Nacional de Mar del Plata,No,CC BY-NC-SA,No
Magallania,0718-0209,0718-2244,Spanish,Universidad de Magallanes,No,CC BY-NC,No
Advances in Forestry Science,,2357-8181,"English, Portuguese",Universidade Federal de Mato Grosso (UFMT),No,CC BY,No
Acta Herpetologica,1827-9635,1827-9643,English,Firenze University Press,No,CC BY,No
Journal of ICT Research and Applications,2337-5787,2338-5499,English,ITB Journal Publisher,No,CC BY-ND,Yes
Journal of Engineering Research and Technology,,2312-2307,English,Islamic Universty of Gaza,No,CC BY,No
Passagens,,1984-2503,"Portuguese, Spanish",Universidade Federal Fluminense (UFF),No,CC BY,No
Scriptorium,,2526-8848,Portuguese,Pontifícia Universidade Católica do Rio Grande do Sul (EDIPUCRS),No,CC BY,No
Cuadernos de Historia Moderna,0214-4018,1988-2475,Spanish,Universidad Complutense de Madrid,No,CC BY,No
Revista Cubana de Educación Superior,0257-4314,2518-2730,"English, Spanish",Universidad de La Habana,No,CC BY,No
"Turismo, Desarrollo y Buen Vivir. Revista de Investigación de la Ciencia Turística-RICIT",1390-6305,2588-0861,"Portuguese, English, Spanish",Centro de Investigación y Estudios Turísticos,No,CC BY-NC-SA,No
Журнал интегративных исследований культуры,,2687-1262,"French, German, English, Russian",Herzen State Pedagogical University of Russia,No,CC BY-NC,No
Outros Tempos,,1808-8031,"Portuguese, Spanish, English",Universidade Estadual do Maranhão,No,CC BY-NC-ND,No
Thanatos,,2242-6280,"English, Swedish, Finnish",Finnish Death Studies Association,No,CC BY-NC-ND,No
Journal of Applied Linguistics and Lexicography,,2687-0215,"Russian, English",Herzen State Pedagogical University of Russia,No,CC BY-NC,No
Revista Brasileira de Reumatologia,0482-5004,1809-4570,"English, Portuguese, Spanish",Sociedade Brasileira de Reumatologia,No,CC BY-NC-ND,No
Cuadernos de Investigación Urbanística,1886-6654,2174-5099,Spanish,Universidad Politécnica de Madrid,No,CC BY-NC-ND,No
Life Science Alliance,,2575-1077,English,Life Science Alliance LLC,No,CC BY,Yes
Redes,1414-7106,1982-6745,Portuguese,Universidade de Santa Cruz do Sul,No,CC BY,No
Jornal Brasileiro de Psiquiatria,0047-2085,1982-0208,"Portuguese, English",Universidade Federal do Rio de Janeiro,No,CC BY,No
Revista de Investigações Constitucionais,,2359-5639,"French, Spanish, Portuguese, English",Universidade Federal do Paraná,Yes,CC BY,No
Collabra: Psychology,,2474-7394,English,University of California Press,Yes,CC BY,Yes
Serviço Social em Revista,1516-3091,1679-4842,"Spanish, Portuguese, English",Universidade Estadual de Londrina (UEL),No,CC BY,No
Cadernos Cedes,0101-3262,1678-7110,"English, Portuguese","Centro de Estudos Educação e Sociedade, CEDES",No,CC BY-NC,No
English Education Journal,2087-0108,,English,Universitas Negeri Semarang,No,CC BY,Yes
Journal of International Legal Communication,,2720-1643,English,University of Warsaw,No,CC BY-NC-ND,Yes
Scripta Score Scientific Medical Journal,2088-8686,2686-0864,"English, Indonesian",Talenta Publisher,No,CC BY-NC,No
Икономика и компютърни науки,,2367-7791,"English, Bulgarian",Knowledge and business,No,CC BY,No
Quaestio Rossica,2311-911X,2313-6871,"English, Russian, French, German",Ural Federal University,No,CC BY,No
Gaceta Técnica,,2477-9539,"English, Spanish",Universidad Centroccidental Lisandro Alvarado,No,CC BY-NC-SA,No
Acta Mechatronica,,2453-7306,English,"4S go, s.r.o.",No,CC BY-NC,Yes
Acta Tecnología,,2453-675X,English,"4S go, s.r.o.",No,CC BY-NC,Yes
Journal of Human Resource Management,1335-3888,2453-7683,English,"Comenius University in Bratislava, Faculty of Management",No,Publisher's own license,No
Communications in Science and Technology,2502-9258,2502-9266,English,Komunitas Ilmuwan dan Profesional Muslim Indonesia,No,CC BY,No
نظریه‌های اجتماعی متفکران مسلمان,2538-5240,2783-3216,Persian,University of Tehran,No,CC BY,Yes
Alʹmanah Kliničeskoj Mediciny,2072-0505,2587-9294,Russian,MONIKI,No,CC BY,No
Organizacijų Vadyba: Sisteminiai Tyrimai,,2335-8750,English,Sciendo,No,CC BY-NC-ND,No
Polish Journal of Chemical Technology,,1899-4741,English,Sciendo,No,CC BY,Yes
Acta Medica Bulgarica,0324-1750,2719-5384,English,Sciendo,No,CC BY-NC-ND,No
Agriculture,,1338-4376,English,Sciendo,No,CC BY-NC-ND,No
Minikomi,2706-7424,2706-7432,"English, German, Japanese",Akademische Arbeitskreis Japan – Österreichische Japan-Gesellschaft für Wissenschaft und Kunst (AAJ) [Austrian Japan-Society for Science and Art],No,"CC BY, CC BY-SA, CC BY-ND, CC BY-NC, CC BY-NC-SA, CC BY-NC-ND",No
Journal of Liver Cancer,2288-8128,2383-5001,English,Korean Liver Cancer Association,No,CC BY-NC,No
Perinatology,2508-4887,2508-4895,"English, Korean",Korean Society of Perinatology,No,CC BY-NC,Yes
Ludic Language Pedagogy,,2435-2349,English,James York,No,CC BY-NC-ND,No
Acta Geographica Universitatis Comenianae,1338-6034,,"Slovak, English, Czech",Comenius University in Bratislava,No,Publisher's own license,No
Cuadernos de Antropología,1409-3138,2215-356X,"Spanish, English",Universidad de Costa Rica,No,CC BY-NC-SA,No
Rhema. Рема,2500-2953,,"Russian, English","Moscow Pedagogical State University, Federal State Budgetary Educational Institution of Higher Education",No,CC BY,No
Pennsylvania Libraries: Research & Practice,,2324-7878,English,"University Library System, University of Pittsburgh",Yes,CC BY,No
Emerging Markets Journal,,2158-8708,English,"University Library System, University of Pittsburgh",Yes,CC BY,No
Central Asian Journal of Global Health,,2166-7403,English,"University Library System, University of Pittsburgh",Yes,CC BY,No
Jurnal Wilayah dan Lingkungan,2338-1604,2407-8751,"Indonesian, English",Diponegoro University,No,CC BY-NC-SA,No
The Pan African Medical Journal,,1937-8688,"English, French",The Pan African Medical Journal,No,CC BY,Yes
Mana,0104-9313,1678-4944,"English, Portuguese",Universidade Federal do Rio de Janeiro,No,CC BY-NC,No
Versants,,2504-2750,"French, Spanish, Italian",Bern Open Publishing,No,CC BY,No
Argumenta,,2465-2334,English,University of Sassari,No,CC BY-NC-ND,No
"Foot & Ankle Surgery: Techniques, Reports & Cases",,2667-3967,English,Elsevier,No,"CC BY, CC BY-NC-ND",Yes
Oftalʹmologiâ,1816-5095,2500-0845,Russian,Ophthalmology Publishing Group,No,CC BY,No
JKAP (Jurnal Kebijakan dan Administrasi Publik),0852-9213,2477-4693,Indonesian,Universitas Gadjah Mada,No,CC BY-SA,Yes
"e-Prime: Advances in Electrical Engineering, Electronics and Energy",,2772-6711,English,Elsevier,No,"CC BY, CC BY-NC-ND",Yes
Lisan Al-Arab: Journal of Arabic Language and Arabic,2252-6269,,"Indonesian, Arabic",Universitas Negeri Semarang,No,CC BY,No
Jurnal Bimbingan Konseling,2252-6889,,Indonesian,Universitas Negeri Semarang,No,CC BY,Yes
Light: Advanced Manufacturing,2689-9620,,English,Light Publishing Group,No,CC BY,No
Médecine Tropicale et Santé Internationale (MTSI),,2778-2034,"English, French",Société francophone de médecine tropicale et santé internationale (ancienne SPE),No,CC BY,No
Gagasan Pendidikan Indonesia,2721-9240,2722-0982,English,"Fakultas Keguruan dan Ilmu Pendidikan, Universitas Sultan Ageng Tirtayasa",No,CC BY,No
Tataloka,0852-7458,2356-0266,"Indonesian, English",Diponegoro University,No,CC BY-NC-SA,No
Religio Education,2776-3366,2776-3285,English,Universitas Pendidikan Indonesia,No,CC BY-SA,No
Dental Journal,1978-3728,2442-9740,English,Universitas Airlangga,No,CC BY-SA,Yes
Arquivos Brasileiros de Cardiologia,0066-782X,1678-4170,"English, Portuguese",Sociedade Brasileira de Cardiologia (SBC),No,CC BY-NC,No
روانشناسی و روانپزشکی شناخت,2588-6657,2476-2962,Persian,Kurdistan University of Medical Scienses,No,CC BY-NC,No
Korean Journal of Women Health Nursing,2287-1640,2093-7695,"Korean, English",Korean Society of Women Health Nursing,No,CC BY,Yes
Environmental & Socio-economic Studies,,2354-0079,English,Sciendo,No,CC BY,No
Journal of Anime and Manga Studies,,2689-2596,English,University of Illinois at Urbana-Champaign,No,CC BY-NC,No
Uniped,,1893-8981,"Swedish, Norwegian, English, Danish",Universitetsforlaget,No,CC BY,No
Clinical Immunology Communications,,2772-6134,English,Elsevier,No,"CC BY, CC BY-NC-ND",Yes
Journal of Agromedicine and Medical Sciences (AMS),2460-9048,2714-5654,"English, Indonesian","University of Jember, Faculty of Medicine",No,CC BY-SA,No
Сибирский онкологический журнал,1814-4861,2312-3168,Russian,"Russian Academy of Sciences, Tomsk National Research Medical Center",No,CC BY,No
Applied Research on Civil Engineering and Environment,,2714-6553,English,Politeknik Negeri Jakarta,No,CC BY-SA,No
Psique,,2183-4806,"Portuguese, Spanish, French, English",CIP – Centro de Investigação em Psicologia da Universidade Autónoma de Lisboa (CIP),No,CC BY,No
Journal of Applied Economic Research,,2712-7435,"Russian, English",Ural Federal University,No,CC BY,No
Research in Arts and Education,,2670-2142,"Finnish, English",Aalto University,No,CC BY,No
Edusaintek,1858-005X,2655-3392,"English, Indonesian",STKIP PGRI Situbondo,No,CC BY-SA,Yes
Periskop,0908-6919,2596-4283,"English, Norwegian, Swedish, Danish",Foreningen Periskop - Forum for kunsthistorisk debat,No,CC BY,No
Makara Journal of Health Research,2356-3664,2356-3656,English,Universitas Indonesia,No,CC BY-SA,No
Botanica Pacifica,2226-4701,2410-3713,English,"FEB RAS, Botanical Garden-Institute",No,CC BY-NC,No
Perduli,,2962-2174,Indonesian,Fakultas Keguruan Dan Ilmu Kependidikan Universitas Negeri Jakarata,No,CC BY,No
American Studies in Scandinavia,0044-8060,,English,CBS Open Journals,No,CC BY-NC-ND,No
Известия высших учебных заведений России: Радиоэлектроника,1993-8985,2658-4794,Russian,"Saint Petersburg Electrotechnical University ""LETI""",Yes,CC BY,No
Nanomanufacturing,,2673-687X,English,MDPI AG,No,CC BY,Yes
Businesses,,2673-7116,English,MDPI AG,No,CC BY,Yes
Literature,,2410-9789,English,MDPI AG,No,CC BY,Yes
Computational Linguistics,0891-2017,1530-9312,English,The MIT Press,No,CC BY-NC-ND,No
Transactions of the Association for Computational Linguistics,,2307-387X,English,The MIT Press,No,CC BY,No
Revista Diálogos e Perspectivas em Educação Especial,2358-8845,2764-6440,Portuguese,Universidade Estadual Paulista Julio de Mesquita Filho,No,CC BY,No
Journal of Student Affairs in Africa,2311-1771,2307-6267,English,Journal of Student Affairs in Africa,No,CC BY-NC-SA,No
Bulletin of the Geological Society of Malaysia,0126-6187,,"Malay (macrolanguage), English",Geological Society of Malaysia,No,CC BY,No
Policy Perspectives,1085-7087,,English,George Washington University,No,CC BY-NC-ND,No
Métodos de Información,1134-2838,2173-1241,"Spanish, Catalan",Col·legi Oficial de Bibliotecaris i Documentalistes de la Comunitat Valenciana,No,CC BY,No
Teoría de la Educación: Revista Interuniversitaria,1130-3743,2386-5660,"Spanish, French, English",Ediciones Universidad de Salamanca,No,CC BY-NC-ND,No
Uporedno pomorsko pravo,0353-5487,,"Croatian, English",Hrvatska akademija znanosti i umjetnosti,No,CC BY-ND,No
Društvena Istraživanja,1330-0288,1848-6096,"English, Croatian",Institute of Social Sciences Ivo Pilar,No,CC BY-NC-ND,No
Вестник аритмологии,1561-8641,2658-7327,"Russian, English","NJSC Institute of Cardiology Technics «INCART», Saint-Petersburg",No,CC BY,No
Profile Issues in Teachers' Professional Development,1657-0790,2256-5760,English,Universidad Nacional de Colombia,No,CC BY-NC-ND,No
AAOU Journal,1858-3431,2414-6994,English,Emerald Publishing,No,CC BY,No
REME: Revista Mineira de Enfermagem,1415-2762,2316-9389,"Spanish, Portuguese, English",Universidade Federal de Minas Gerais,No,CC BY,Yes
Faces de Eva,0874-6885,,"Spanish, French, English, Portuguese","CICS.NOVA - Interdisciplinary Centre of Social Sciences, Universidade Nova de Lisboa",No,CC BY-NC,No
Открытое образование (Москва),1818-4243,2079-5939,"English, Russian",Plekhanov Russian University of Economics,No,CC BY,No
"Journal of Education in Science, Environment and Health",,2149-214X,English,Seyit Ahmet Kıray,No,CC BY-NC-SA,No
Turkish Journal of Public Health,1304-1096,,"English, Turkish",Turkish Society of Public Health Specialists,No,CC BY-NC,No
Uludağ University Journal of The Faculty of Engineering,2148-4147,2148-4155,"English, Turkish",Bursa Uludag University,No,CC BY,No
Journal of Learning and Teaching in Digital Age,,2458-8350,English,JOLTIDA,No,CC BY-NC-ND,No
Journal of Istanbul University Faculty of Dentistry,2149-2352,2149-4592,English,Istanbul University,No,CC BY-NC-ND,No
Journal of Oncological Sciences,,2452-3364,English,Turkiye Klinikleri,No,CC BY-NC-ND,No
Turkish Journal of Forestry,,2149-3898,"English, Turkish",Isparta University of Applied Sciences Faculty of Forestry,No,CC BY,No
Iconarp International Journal of Architecture and Planning,,2147-9380,English,Konya Technical University Faculty of Architecture and Design,No,CC BY-NC-ND,No
Niğde Ömer Halisdemir Üniversitesi Mühendislik Bilimleri Dergisi,,2564-6605,"English, Turkish",Niğde Ömer Halisdemir University,No,CC BY-NC,No
Erzincan Üniversitesi Eğitim Fakültesi Dergisi,2148-7758,2148-7510,"English, Turkish",Erzincan Binali Yildirim University,No,CC BY-NC-SA,No
Marmara İletişim Dergisi,1300-4050,2529-0053,"English, Turkish",Marmara University,No,CC BY-NC-ND,No
Cihannüma: Tarih ve Coğrafya Araştırmaları Dergisi,2149-0678,2148-8843,"English, Turkish",Izmir Katip Celebi University,No,CC BY-NC-ND,No
Sigma Journal of Engineering and Natural Sciences,1304-7191,1304-7205,"English, Turkish",Yıldız Technical University,No,CC BY-NC,No
Ekonomi Maliye İşletme Dergisi,,2667-4378,"English, Turkish",Adil AKINCI,No,CC BY-NC,No
Annales de la Faculté de Droit d’Istanbul,0578-9745,2687-4113,"German, French, English",Istanbul University Press,No,CC BY-NC,No
Landscape Online,,1865-1542,English,"International Association for Landscape Ecology, Chapter Germany",Yes,CC BY,Yes
Annals of Occupational and Environmental Medicine,,2052-4374,English,Korean Society of Occupational & Environmental Medicine,No,"CC BY, CC BY-NC",Yes
African Entomology,1021-3589,2224-8854,English,Khulisa,No,CC BY,Yes
Medicinski Podmladak,0369-1527,2466-5525,"Serbian, English","University of Belgrade, Medical Faculty",No,CC BY,No
Physics Letters B,0370-2693,1873-2445,English,Elsevier,No,CC BY,No
Jurnal Administrasi Bisnis,2252-3294,2548-4923,"Indonesian, English","Department of Business Administration, Diponegoro University",No,CC BY-SA,Yes
Pirineos: Revista de Ecología de Montaña,0373-2568,1988-4281,"Spanish, French, English",Consejo Superior de Investigaciones Científicas,No,CC BY,No
Ukrainian Botanical Journal,0372-4123,2415-8860,"Ukrainian, English",M.G.Kholodny Institute of Botany,No,CC BY,No
The Egyptian Journal of Radiology and Nuclear Medicine,0378-603X,2090-4762,English,SpringerOpen,No,CC BY,No
Káñina,0378-0473,2215-2636,Spanish,Universidad de Costa Rica,No,CC BY-NC-ND,No
Neurologia Medico-Chirurgica,0470-8105,1349-8029,English,The Japan Neurosurgical Society,No,CC BY-NC-ND,Yes
Boletín de Historia Argentina y Americana Dr. Emilio Ravignani,0524-9767,1850-2563,Spanish,Universidad de Buenos Aires,No,CC BY-NC,No
Zaštita prirode,0514-5899,2620-0465,"Serbian, English","Institute for Nature Conservation of Serbia, Belgrade",No,CC BY-SA,No
Política & Trabalho,,1517-5901,"Portuguese, English, Spanish",Université Fédérale de Paraíba,No,CC BY-NC,No
Musicologica Austriaca,1016-1066,2411-6696,English,Österreichische Gesellschaft für Musikwissenschaft,No,CC BY,No
Anales Cervantinos,0569-9878,1988-8325,Spanish,Consejo Superior de Investigaciones Científicas,No,CC BY,No
Slavica,0583-5356,2732-0146,"Russian, German, English",Debrecen University Press,No,CC BY-NC,No
Zbornik Instituta za pedagoška istraživanja,0579-6431,1820-9270,Serbian,"Institute for Educational Research, Belgrade",No,CC BY-NC-ND,No
Zbornik Radova Vizantološkog Instituta,0584-9888,2406-0917,"Serbian, Russian, German, French, English, Bulgarian",Institute for Byzantine Studies of the Serbian Academy of Sciences and Arts,No,CC BY-NC,No
Arti Musices,0587-5455,1848-9303,"English, Croatian",Hrvatsko muzikološko društvo / Croatian Musicological Society,No,CC BY-NC,No
Interações,,1983-2478,Portuguese,Pontifícia Universidade Católica de Minas Gerais,No,CC BY,No
BAG. Journal of Basic and Applied Genetics,,1852-6233,"English, Spanish",Sociedad Argentina de Genética,No,CC BY-NC-SA,No
Revista de Direitos Humanos e Efetividade,,2526-0022,Portuguese,Conselho Nacional de Pesquisa e Pós-graduação em Direito (CONPEDI),No,CC BY-NC,No
Cuadernos Europeos de Deusto,1130-8354,2445-3587,"English, Spanish",Universidad de Deusto,No,Publisher's own license,No
Humanidades Médicas,,1727-8120,Spanish,Centro para el Desarrollo de las Ciencias Sociales y Humanísticas en Salud,No,CC BY,No
Journal of Leadership in Organizations,2656-8829,2656-8810,English,Universitas Gadjah Mada,No,CC BY-SA,No
Філософія та політологія в контексті сучасної культури,2663-0265,2663-0273,"English, Russian, Ukrainian",Oles Honchar Dnipro National University,No,CC BY,Yes
Publicaciones e Investigación,1900-6608,2539-4088,Spanish,Universidad Nacional Abierta y a Distancia,No,CC BY-NC-SA,No
Revista de Investigación Agraria y Ambiental,2145-6097,2145-6453,Spanish,UNAD,No,CC BY-NC-SA,No
Revista da Casa da Geografia de Sobral,1516-7712,2316-8056,Portuguese,Universidade Estadual Vale do Acaraú,No,CC BY,No
Journal of Stroke,2287-6391,2287-6405,English,Korean Stroke Society,No,CC BY-NC,No
Ukrainian Policymaker,2617-2194,2617-2208,English,International Society of Philosophy and Cosmology (ISPC),No,CC BY,No
Humanities Diliman,1655-1532,2012-0788,"English, Spanish, Tagalog",University of the Philippines,No,Publisher's own license,No
Folia Onomastica Croatica,1330-0695,1848-7858,"Croatian, English, German, Russian, Slovenian",Hrvatska Akademija Znanosti i Umjetnosti,No,CC BY-NC,No
Revista de Estudios y Experiencias en Educación,0717-6945,0718-5162,Spanish,Universidad Católica de la Santísima Concepción,No,CC BY-NC-ND,No
Arquivos Brasileiros de Psicologia,0100-8692,1809-5267,"English, Portuguese, Spanish",Universidade Federal do Rio de Janeiro,No,CC BY-NC,No
Культурно-историческая психология,1816-5435,2224-8935,"English, Russian",Moscow State University of Psychology and Education,No,CC BY-NC,No
Український стоматологічний альманах,2409-0255,2410-1427,"English, Russian, Ukrainian",Ukrainian Medical Stomatological Academy,No,CC BY,Yes
Anamorphosis,,2446-8088,"English, French, Italian, Portuguese, Spanish",Rede Brasileira Direito e Literatura,No,CC BY,No
História da Historiografia,,1983-9928,"English, Portuguese, Spanish",Universidade Federal de Ouro Preto (UFOP); Universidade Federal do Estado do Rio de Janeiro (UNIRIO),No,CC BY-NC-ND,No
Pesquisa Agropecuária Tropical,,1983-4063,"English, Portuguese",Universidade Federal de Goiás,No,CC BY,No
Teme,0353-7919,1820-7804,"English, Serbian",University of Niš,No,CC BY-NC-ND,No
Biotecnología en el Sector Agropecuario y Agroindustrial,1692-3561,1909-9959,Spanish,Universidad del Cauca,No,CC BY-NC-ND,No
The Cardiothoracic Surgeon,,2662-2203,English,SpringerOpen,No,CC BY,No
Mäetagused,1406-992X,1406-9938,Estonian,Eesti Kirjandusmuuseum,No,CC BY-NC-ND,No
Revista Educação e Cultura Contemporânea,1807-2194,2238-1279,Portuguese,Universidade Estácio de Sá,No,CC BY,No
Tendencias Pedagógicas,1133-2654,1989-8614,"Portuguese, Spanish",Universidad Autónoma de Madrid,No,CC BY-NC,No
Educate~,1477-5557,2049-9558,English,University College London,No,CC BY-NC-SA,No
POLIS,2223-8174,2522-6126,English,Universitet Europian i Tiranës,No,CC BY,No
Muaddib: Studi Kependidikan dan Keislaman,2088-3390,2540-8348,"English, Indonesian",Universitas Muhammadiyah Ponorogo,No,CC BY-SA,No
JITCE (Journal of Information Technology and Computer Engineering),,2599-1663,"English, Indonesian",Andalas University,No,CC BY-NC-SA,No
Revista de Direito Ambiental e Socioambientalismo,,2525-9628,Portuguese,Conselho Nacional de Pesquisa e Pós-graduação em Direito (CONPEDI),No,CC BY-NC,No
Colección Académica de Ciencias Sociales,,2422-0477,Spanish,Universidad Pontificia Bolivariana,No,CC BY-NC,No
Revista del Instituto Riva-Agüero,2415-5896,2519-1470,"English, Spanish",Pontificia Universidad Católica del Perú,No,CC BY,No
Sri Lanka Journal of Medicine,,2579-1990,English,The Kandy Society of Medicine,No,CC BY,No
Acta Colombiana de Psicología,0123-9155,1909-9711,"English, Spanish",Universidad Católica de Colombia,No,CC BY-NC-SA,No
Didáskomai,1688-7794,2393-7297,Spanish,Universidad de la República,No,CC BY-NC-SA,No
Anuari de Filologia. Antiqva e Mediaevalia,,2014-1386,"Catalan, English, Spanish",Universitat de Barcelona,No,CC BY,No
Jurnal Edukasi Khatulistiwa: Pembelajaran Bahasa dan Sastra Indonesia,,2621-3788,Indonesian,Fakultas Keguruan dan Ilmu Pendidikan Universitas Tanjungpura,No,CC BY-NC,No
Reflexus,1982-0828,2358-4874,"English, Portuguese, Spanish",Faculdade Unida de Vitória,No,CC BY-NC,No
Canadian Journal of Higher Education,0316-1218,2293-6602,"English, French",Canadian Society for the Study of Higher Education,No,CC BY-NC-ND,No
Revista de Turismo Contemporâneo,,2357-8211,Portuguese,Postgraduate Program in Tourism of the Federal University of Rio Grande do Norte,No,CC BY,No
Jurnal Teknik Mesin,2089-7235,2549-2888,Indonesian,Universitas Mercu Buana,No,CC BY-NC,No
Historia Crítica,0121-1617,1900-6152,Spanish,Universidad de los Andes,No,CC BY,No
Emergency,,2345-4571,English,Shahid Beheshti University of Medical Sciences,No,CC BY-NC,Yes
Continuity in Education,,2631-9179,English,Ubiquity Press,Yes,CC BY,No
Journal for the History of Analytical Philosophy,,2159-0303,English,MULPress,No,CC BY-NC,No
Науковий вісник ветеринарної медицини,2310-4902,2415-7589,"English, Russian, Ukrainian",Bila Tserkva National Agrarian University,No,CC BY,No
"Revista Ingeniería Electrónica, Automática y Comunicaciones",,1815-5928,Spanish,Instituto Superior Politécnico José Antonio Echeverría (CUJAE),No,CC BY-NC,No
Pravni Zapisi,2217-2815,2406-1387,"English, Serbian","Union University, Faculty of Law, Belgrade",No,CC BY,No
Jurnal Ilmu Keperawatan Jiwa,2685-9394,2621-2978,Indonesian,Persatuan Perawat Nasional Indonesia Jawa Tengah.,No,CC BY,Yes
Revista Cubana de Cirugía,0034-7493,1561-2945,Spanish,Editorial Ciencias Médicas,No,CC BY-NC-SA,No
JUTEI (Jurnal Terapan Teknologi Informasi),2579-3675,2579-5538,Indonesian,Universitas Kristen Duta Wacana,No,CC BY-NC-ND,No
James Joyce Online Notes,,2049-9396,English,James Joyce Online Notes,No,CC BY-NC-ND,No
Revista del Centro de Investigación Flamenco Telethusa,,1989-1628,Spanish,Centro de Investigacion Flamenco Telethusa,No,CC BY-NC-ND,No
Revista da Anpoll,,1982-7830,"English, Portuguese, Spanish",Associação Nacional de Pós-Graduação e Pesquisa em Letras e Linguística,No,CC BY,No
Vìsnik Dnìpropetrovsʹkogo Unìversitetu: Serìâ Psihologìâ,2414-9268,2415-7244,"English, Russian, Ukrainian",Dnipropetrovsk Oles Honchar National University,No,CC BY,Yes
Prosiding HIPKIN JATENG,,2549-0311,Indonesian,Universitas Negeri Semarang,No,CC BY,No
Journal of Bioinformatics and Genomics,,2530-1381,English,Cifra Publishing House,No,CC BY,No
AntropoWebzin,,1801-8807,"Czech, English, Slovak",AntropoWeb,No,CC BY,No
Edmetic: Revista de Educación Mediática y TIC,,2254-0059,"English, Italian, Portuguese, Spanish",Universidad de Córdoba,No,CC BY,No
"Biology, Medicine & Natural Product Chemistry",2089-6514,2540-9328,English,State Islamic University Sunan Kalijaga,No,CC BY-NC,No
Cadernos Pagu,0104-8333,,"English, Portuguese",Universidade Estadual de Campinas,No,CC BY-NC,No
Micronesica,0026-279X,,English,University of Guam Press,No,CC BY-NC-ND,Yes
Rhythmos,1792-7919,1792-7927,English,"Third Department of Cardiology, Athens University School of Medicine",No,CC BY,No
Indonesian Journal of Applied Physics,2089-0133,2477-6416,"English, Indonesian",Sebelas Maret University,No,CC BY-SA,No
Anuari de Filologia. Estudis de Lingüística,,2014-1408,"Catalan, English, Spanish",University of Barcelona,No,CC BY,No
Persian Journal of Acarology,,2251-8169,English,Acarological Society of Iran,No,CC BY-NC-ND,No
Avances en Psicología Latinoamericana,1794-4724,2145-4515,"Spanish, Portuguese, English",Universidad del Rosario,No,CC BY-NC,No
Italian Journal of Sociology of Education,,2035-4983,English,Padova University Press,No,Publisher's own license,No
Avicenna Journal of Phytomedicine,2228-7930,2228-7949,English,Mashhad University of Medical Sciences,No,CC BY-NC-SA,Yes
Grifos,,2175-0157,"English, Spanish, Portuguese",Universidade Comunitária da Região de Chapecó,No,CC BY-NC-ND,No
Revista de Doutrina Jurídica,2675-9624,2675-9640,"English, Portuguese",Tribunal de Justiça do Distrito Federal e dos Territórios,No,CC BY,No
Ensino & Multidisciplinaridade,,2447-5777,"Portuguese, Spanish",Universidade Federal do Maranhão,No,CC BY,No
Terra de Pretos,,2675-7028,"Spanish, Portuguese, English",Universidade Federal do Maranhão,No,CC BY-NC-ND,No
Revista de Investigación de Física,1605-7724,1728-2977,"Spanish, English",Instituto de Investigación de Física,No,CC BY,No
Odontología Sanmarquina,1560-9111,1609-8617,Spanish,Universidad Nacional Mayor de San Marcos,No,"CC BY, CC BY-NC-SA",No
Revista Estomatológica Herediana,1019-4355,2225-7616,Spanish,Universidad Peruana Cayetano Heredia,No,CC BY,No
South Sustainability,,2708-7077,"Spanish, English",Universidad Científica del Sur,No,CC BY,No
Innovación y Software,2708-0927,2708-0935,"Spanish, English",Universidad La Salle,No,CC BY,No
Smart and Resilient Transportation,,2632-0495,English,Emerald Publishing,No,CC BY,No
"International Trade, Politics and Development",2586-3932,2632-122X,English,Emerald Publishing,No,CC BY,No
Asian Journal of Economics and Banking,2615-9821,,English,Emerald Publishing,No,CC BY,No
Public Administration and Policy,1727-2645,2517-679X,English,Emerald Publishing,No,CC BY,No
Modern Supply Chain Research and Applications,,2631-3871,English,Emerald Publishing,No,CC BY,No
Journal of Economics and Development,1859-0020,2632-5330,English,Emerald Publishing,No,CC BY,No
International Hospitality Review,,2516-8142,English,Emerald Publishing,No,CC BY,No
Islamic Economic Studies,1319-1616,2411-3395,English,Emerald Publishing,No,CC BY,No
Investigaciones y Ensayos,0539-242X,2545-7055,Spanish,Academia Nacional de la Historia de la Republica Argentina,No,CC BY-NC-SA,No
Studia Etnologiczne i Antropologiczne,1506-5790,2353-9860,"Polish, English, Czech, Slovak",University of Silesia Press,No,CC BY-SA,No
Journal of Agricultural Engineering,1974-7071,2239-6268,English,PAGEPress Publications,No,CC BY-NC,Yes
Journal of Biological Research,1826-8838,2284-0230,English,PAGEPress Publications,No,CC BY-NC,Yes
Chemica,2355-875X,2355-8776,"English, Indonesian",Universitas Ahmad Dahlan,No,CC BY-SA,Yes
Jurnal Teknologi dan Sistem Tertanam,,2745-9500,"English, Indonesian",Universitas Teknokrat Indonesia,No,CC BY-SA,No
Reumatismo,0048-7449,2240-2683,"English, Italian",PAGEPress Publications,No,CC BY-NC,No
Teknosastik: Jurnal Bahasa dan Sastra,1412-9655,2656-6842,English,Universitas Teknokrat Indonesia,No,CC BY-SA,Yes
SCIRES-IT,,2239-4303,"Italian, English",CASPUR-CIBER Publishing,No,CC BY-NC-ND,No
Journal of Neurological Surgery Reports,,2193-6366,English,Georg Thieme Verlag KG,No,"CC BY, CC BY-NC-ND",Yes
Journal CleanWAS,2521-0912,2521-0513,English,Zibeline International,No,CC BY,No
Journal of Pediatric and Neonatal Individualized Medicine,,2281-0692,"English, Italian",Hygeia Press di Corridori Marinella,No,Publisher's own license,No
Journal of Bio-Based Marketing,,2683-0825,English,BelloPrint Pazardjik,No,CC BY,No
Sociologia,0873-6529,2182-7907,"English, Portuguese, Spanish",Editora Mundos Sociais,No,CC BY,No
Jurnal Data Mining dan Sistem Informasi,2745-8458,2775-9660,"Indonesian, English",Universitas Teknokrat Indonesia,No,CC BY-SA,No
Jurnal Riset Biologi dan Aplikasinya,,2655-9927,English,"Department of Biology, Faculty of Mathematics and Natural Sciences, Universitas Negeri Surabaya",No,CC BY-NC,No
Sicurezza Terrorismo e Società,2421-4442,2533-0659,"English, Italian",EDUCatt,No,CC BY-NC-ND,No
Ocula,,1724-7810,"English, French, Italian",Associazione Ocula,No,CC BY-NC-ND,No
"Transactions of the VŠB-Technical University of Ostrava, Mechanical Series",,1804-0993,English,VSB-Technical University of Ostrava,No,Publisher's own license,No
Linguística,1646-6195,2182-9713,Portuguese,Universidade do Porto,No,CC BY,No
Semina: Ciências Biológicas e da Saúde,,1679-0367,"Portuguese, English",Universidade Estadual de Londrina,No,CC BY-NC,No
Linguarum Arena,1647-8770,2182-973X,"English, French, Portuguese, Spanish",Universidade do Porto,No,CC BY-NC,No
Gateway Papers,2044-852X,,English,De Montfort University Press,No,CC BY,No
Acta Scientiarum: Biological Sciences,1679-9283,1807-863X,English,Universidade Estadual de Maringá,No,CC BY,No
Clinics,1807-5932,1980-5322,English,Elsevier España,No,CC BY,Yes
Lea,,1824-484X,"English, Italian",Firenze University Press,No,CC BY,No
Gateways,,1836-3393,English,UTS ePRESS,Yes,CC BY,No
Formare,,1825-7321,"English, Italian",Firenze University Press,No,CC BY-NC-ND,No
Temilavoro.it Sinossi Internet di Diritto del Lavoro e della Sicurezza Sociale,,1826-9028,"English, French, Italian, Spanish",Temilavoro.it,No,CC BY,No
Primary: Jurnal Pendidikan Guru Sekolah Dasar,2303-1514,2598-5949,"Indonesian, English",Laboratorium Program Studi Pendidikan Guru Sekolah Dasar Fakultas Keguruan dan Ilmu Pendidikan Universitas Riau,No,CC BY-NC-SA,Yes
"Advances in Ancient, Biblical, and Near Eastern Research",,2748-6419,"German, French, English",Tübingen University,No,CC BY-NC-ND,No
Journal of Noncommutative Geometry,1661-6952,1661-6960,English,EMS Press,No,CC BY,No
SINAPPSI,2532-8549,2611-6332,"English, Italian",INAPP,No,CC BY-NC-SA,No
Religionspädagogische Beiträge,,2750-3941,German,University of Bamberg Press,No,CC BY,No
Journal of Combinatorial Algebra,2415-6302,2415-6310,English,EMS Press,No,CC BY,No
J-Lalite,2723-3561,2723-357X,English,Prodi Sastra Inggris Universitas Jenderal Soedirman,No,CC BY-SA,No
Journal für Psychologie,0942-2285,2198-6959,"English, German",Psychosozial-Verlag GmbH & Co. KG,No,CC BY-NC-ND,No
Athena,,2724-6299,English,University of Bologna,No,CC BY,No
EMS Surveys in Mathematical Sciences,2308-2151,2308-216X,English,EMS Press,No,CC BY,No
RIMCIS,,2014-3680,"Spanish, English",Hipatia Press,No,CC BY,Yes
MatLit,,2182-8830,"Spanish, Portuguese, English",Imprensa da Universidade de Coimbra,Yes,CC BY,No
Quantum Topology,1663-487X,1664-073X,English,EMS Press,No,CC BY,No
Extensão Tecnológica,2358-2499,2674-9319,Portuguese,Instituto Federal Catarinense,No,CC BY-NC-SA,No
Coolabah,,1988-5946,English,Universitat de Barcelona,No,CC BY,No
Research in Molecular Medicine,2322-1348,2322-133X,English,Mazandaran University of Medical Sciences and Health Services,No,CC BY-NC,No
Telemática,,1729-3804,Spanish,Departamento de Telecomunicaciones y Telemática,No,CC BY-NC-ND,No
Campos Neutrais,,2596-1314,Portuguese,Universidade Federal do Rio Grande,No,CC BY,No
Anthropological Journal of European Cultures,1755-2923,1755-2931,English,Berghahn Books,No,"CC BY, CC BY-ND, CC BY-NC-ND",No
Forestry Economics Review,,2631-3030,English,Emerald Publishing,No,CC BY,No
"Journal for Religion, Film and Media",,2414-0201,English,Karl Franzens Universität Graz,No,CC BY-NC,No
European Journal of Pediatric Surgery Reports,2194-7619,2194-7627,English,Georg Thieme Verlag KG,No,CC BY,Yes
Nanochemistry Research,2538-4279,2423-818X,English,Iranian Chemical Society,No,CC BY,No
Black Theology Papers Project,,2641-2799,English,Columbia University Libraries,No,CC BY,No
Revista Geon,,2346-3910,Spanish,Universidad de los Llanos,No,CC BY-NC-ND,No
DATJournal,,2526-1789,Portuguese,Universidade Anhembi Morumbi,No,CC BY,No
Contrapontos,,1984-7114,Portuguese,Universidade do Vale do Itajaí,No,CC BY,No
Oral Tradition,0883-5365,1542-4308,English,"Center for Hellenic Studies, Trustees for Harvard University",No,Publisher's own license,No
H-ermes: Journal of Communication,,2284-0753,"English, Italian",Università del Salento,No,CC BY-NC-ND,No
Tumbuh Kembang : Kajian Teori dan Pembelajaran PAUD,2355-7443,2657-0785,Indonesian,FKIP Universitas Sriwijaya,No,CC BY-SA,No
"Вісник Харківського національного університету імені В.Н. Каразіна. Серія: Математичне моделювання, інформаційні технології, автоматизовані системи управління",2304-6201,2524-2601,"English, Russian, Ukrainian",V. N. Karazin Kharkiv National University,No,CC BY,No
Jurnal Matematika,1693-1394,2655-0016,"English, Indonesian",Universitas Udayana,No,CC BY,No
Studi Umbri,,2037-1217,Italian,Hermes,No,CC BY,No
Páginas de Educación,1688-5287,1688-7468,"English, Portuguese, Spanish",Universidad Católica del Uruguay,No,CC BY,No
Economía Teoría y Práctica,0188-3380,2448-7481,"English, Spanish",Universidad Autónoma Metropolitana,No,CC BY,No
Historia.scribere,,2073-8927,"English, German",IUP,No,CC BY-NC-SA,No
Food & Nutrition Research,1654-6628,1654-661X,English,Swedish Nutrition Foundation,Yes,CC BY,Yes
Journal of Lean Systems,,2448-0266,Portuguese,Universidade Federal de Santa Catarina,No,CC BY-SA,No
Italian Journal of Planning Practice,,2239-267X,English,Paolo Scattoni,No,CC BY-NC,No
EURE (Santiago) - Revista Latinoamericana de Estudios Urbano Regionales,0250-7161,0717-6236,"Portuguese, Spanish",Pontificia Universidad Católica de Chile,No,CC BY,No
Malaysian Orthopaedic Journal,1985-2533,2232-111X,English,Malaysian Orthopaedic Association,No,CC BY,Yes
Malang Neurology Journal,2407-6724,2442-5001,"English, Indonesian",University of Brawijaya,No,CC BY-NC,No
Revista Argentina de Salud Pública,1852-8724,1853-810X,Spanish,Ministerio de Salud,No,CC BY-NC-SA,No
Al-Ishlah: Jurnal Pendidikan,2087-9490,2597-940X,"English, Indonesian",STAI Hubbulwathan Duri,No,CC BY-NC-SA,No
Boletim Técnico do Senac,0102-549X,2448-1483,Portuguese,Serviço Nacional de Aprendizagem Comercial,No,CC BY-NC,No
Agriscientia,0327-6244,1668-298X,"Spanish, English","Facultad de Ciencias Agropecuarias, Universidad Nacional de Córdoba",No,CC BY-SA,Yes
Social Behavior Research & Health,2538-4813,2538-4155,English,Shahid Sadoughi University of Medical Sciences,No,CC BY,No
Journal of Pathology and Translational Medicine,2383-7837,2383-7845,"English, Korean",Korean Society of Pathologists & the Korean Society for Cytopathology,No,CC BY-NC,Yes
Pampa: Revista Interuniversitaria de Estudios Territoriales,1669-3299,2314-0208,"Portuguese, Spanish",Universidad Nacional del Litoral,No,CC BY-NC-SA,No
Jurnal Bahan Alam Terbarukan,2303-0623,,"English, Indonesian",Universitas Negeri Semarang,No,CC BY,No
International Journal of Aquatic Biology,2383-0956,2322-5270,English,University of Tehran,No,CC BY,No
Trabajos y Comunicaciones,,2346-8971,"Portuguese, English, Spanish",Universidad Nacional de La Plata,No,CC BY-NC-SA,No
Revista Gestão e Desenvolvimento em Contexto,1982-3266,2318-9150,Portuguese,Universidade de Cruz Alta,No,Publisher's own license,No
Patient Safety and Quality Improvement Journal,2345-4482,2345-4490,English,Mashhad University of Medical Sciences,No,CC BY-NC,No
Journal of Current Chinese Affairs,1868-1026,1868-4874,English,SAGE Publishing,No,"CC BY, CC BY-NC, CC BY-NC-ND",No
Revista Brasileira de Pesquisa em Turismo,,1982-6125,"English, Portuguese, Spanish",Associação Nacional de Pós-Graduação em Turismo,No,CC BY,No
Agenda Internacional,1027-6750,2311-5718,Spanish,Pontificia Universidad Católica del Perú,No,CC BY,No
Derecho PUCP,0251-3420,2305-2546,Spanish,Pontificia Universidad Católica del Perú,No,CC BY,No
Cell Regeneration,,2045-9769,English,SpringerOpen,No,"CC BY, CC0",No
OTA International,,2574-2167,English,Wolters Kluwer,No,CC BY-NC-ND,Yes
Acta Asiatica Varsoviensia,0860-6102,2449-8653,English,Foundation Cultivate,No,CC BY-NC-ND,No
Revista de Estudos Sociais,1519-504X,2358-7024,Portuguese,Universidade Federal de Mato Grosso,No,CC BY,No
Revista INGI,,2594-8288,"English, Portuguese",Associação Acadêmica de Propriedade Intelectual,No,Publisher's own license,No
Historika : Studi di Storia Greca e Romana,2240-774X,2039-4985,"English, French, German, Italian, Modern Greek (1453-)",Università degli Studi di Torino,No,CC BY,No
Журнал Средневолжского математического общества,2079-6900,2587-7496,"Russian, English",National Research Mordovia State University,No,CC BY,No
Revista Produção Online,,1676-1901,"English, Portuguese, Spanish",Universidade Federal de Santa Catarina,Yes,CC BY,No
Journal of the Scholarship of Teaching and Learning,,1527-9316,English,Indiana University Office of Scholarly Publishing,No,CC BY,No
"Realidad, Tendencias y Desafíos en Turismo",1850-4787,2545-6199,Spanish,Universidad Nacional del Comahue,No,CC BY-NC-SA,No
Analiz Riska Zdorovʹû,2308-1155,2308-1163,"English, Russian",FBSI “Federal Scientific Center for Medical and Preventive Health Risk Management Technologies”,No,CC BY-NC,No
Ghidza,2615-2851,2622-7622,Indonesian,Universitas Tadulako,No,CC BY-SA,Yes
Faedpyme International Review,,2255-078X,"English, Portuguese, Spanish",Universidad Politécnica de Cartagena,No,CC BY-NC-SA,No
Journal of French and Francophone Philosophy,,2155-1162,"French, English","University Library System, University of Pittsburgh",No,CC BY-NC-ND,No
International Marine Energy Journal,,2631-5548,English,European Wave and Tidal Energy Conference,No,CC BY,No
British Journal for Military History,,2057-0422,English,"Goldsmiths, University of London",No,CC BY-NC-ND,No
Enumerative Combinatorics and Applications,,2710-2335,English,"University of Haifa, Department of Mathematics",No,CC BY-ND,No
Archaeoastronomy and Ancient Technologies,,2310-2144,"English, Russian",Archaeoastronomy and Ancient Technologies,No,CC BY,No
Caste,,2639-4928,English,Brandeis University Library,No,CC BY,No
International Journal of Odonatology,1388-7890,2159-6719,English,Worldwide Dragonfly Association,No,CC BY-NC-ND,No
Journal of Contemporary Pharmacy Practice,2573-2757,2573-2765,English,California Pharmacists Association,No,CC BY-NC-SA,No
Journal of Science Fiction and Philosophy,,2573-881X,English,Alfredo Mac Laughlin,No,CC BY-NC,No
Wine Business Journal,,2694-5703,English,The Wine Business Institute at Sonoma State University,No,CC BY,No
Jurnal Penelitian dan Pembelajaran IPA,2477-1422,2477-2038,English,"Department of Science Education, Faculty of Teacher Training and Education, Universitas Sultan Ageng Tirtayasa",No,CC BY,Yes
"LET: Linguistics, Literature and English Teaching Journal",2086-9606,2549-2454,English,English Department of Antasari State Islamic University,No,CC BY,No
Хуманитарни Балкански изследвания,2603-4859,2683-1090,"Bulgarian, English, Russian, Ukrainian, Azerbaijani","LLC (EOOD) “SCIENTIFIC CHRONOGRAPH""",No,CC BY-NC,No
Балканско научно обозрение,2603-4867,2683-1082,"Bulgarian, Ukrainian, English, Russian, Azerbaijani","LLC (EOOD) “SCIENTIFIC CHRONOGRAPH""",No,CC BY-NC,No
"Механика машин, механизмов и материалов",1995-0470,2518-1475,"Russian, English","National Academy of Sciences of Belarus,  State Scientific Institution “The Joint Institute of Mechanical Engineering""",No,CC BY-NC-ND,No
"Културно-историческо наследство: Опазване, представяне, дигитализация",,2367-8038,"English, Bulgarian, Russian","Bulgarian Academy of Sciences, Institute of Mathematics and Informatics",No,CC BY-NC-ND,No
"Studies in Linguistics, Culture, and FLT",2534-952X,2534-9538,English,Konstantin Preslavsky University of Shumen,No,CC BY,No
Magazine of Civil Engineering,,2712-8172,English,Peter the Great St. Petersburg Polytechnic University,No,CC BY-NC,No
Проблеми трибології,2079-1372,,English,"Khmelhitsky National University,  Lublin University of Technology",No,CC BY,No
Геосистемы переходных зон,2541-8912,2713-2161,"Russian, English","Дальневосточного отделения Российской академии наук, Южно-Сахалинск, Федеральное государственное бюджетное учреждение науки Институт морской геологии и геофизики",No,CC BY,No
Сучасна педіатрія: Україна,2663-7553,2706-6134,"Ukrainian, Russian, English","Group of Companies Med Expert, LLC",No,CC BY-NC,No
Вестник Южно-Уральского государственного университета: Серия Вычислительная математика и информатика,2305-9052,2410-7034,"Russian, English",Челябинск: Южно-Уральский государственный университе,No,CC BY,No
Современная терапия психических расстройств,2306-4137,,"English, Russian",Современная терапия психических расстройств,No,CC BY-NC-ND,No
Технологія виробництва і переробки продуктів тваринництва,2310-9289,2415-7635,"English, Ukrainian",Bila Tserkva National Agrarian University,No,CC BY,No
Визуальная теология,2713-1610,2713-1955,"Russian, English, French, German",Yaroslav-the-Wise Novgorod State University,No,CC BY-NC,No
Pharmaceutical Fronts,2628-5088,2628-5096,English,Georg Thieme Verlag KG,No,"CC BY, CC BY-NC-ND",No
Journal of Transition Medicine,,2568-2407,English,De Gruyter,Yes,CC BY,Yes
Техніко-технологічні аспекти розвитку та випробування нової техніки і технологій для сільського господарства України,2305-5987,2617-3778,"English, Ukrainian, Russian",Державна наукова установа «Український науково-дослідний інститут прогнозування та випробування техніки і технологій для сільськогосподарського виробництва імені Леоніда Погорілого» (УкрНДІПВТ ім. Л. Погорілого),No,CC BY,Yes
Hanggong uju uihakoeji,1738-2548,2713-9972,"Korean, English",Aerospace Medical Association of Korea,No,CC BY-NC,Yes
Psicologia USP,0103-6564,1678-5177,"Spanish, Portuguese, French, English",Universidade de São Paulo,No,CC BY-NC,No
Revista de Ciências Agroambientais,1679-1509,1677-6062,"Portuguese, English",Universidade do Estado de Mato Grosso,No,CC BY-NC-ND,No
Review of Economic Perspectives,,1804-1663,English,Sciendo,No,CC BY-NC-ND,No
Ciência Animal Brasileira,1518-2797,1809-6891,"Portuguese, English",Universidade Federal de Goiás,No,CC BY,No
Icelandic Medical Journal,0023-7213,,Icelandic,The Icelandic Medical Association,No,CC BY-NC-ND,No
Etnográfica: Revista do Centro em Rede de Investigação em Antropologia,0873-6561,2182-2891,"Spanish, Portuguese, French, English",Centro em Rede de Investigação em Antropologia,No,CC BY-NC,No
Currículo sem Fronteiras,,1645-1384,"Spanish, Portuguese, English",Currículo sem Fronteiras,No,CC BY-NC,No
Moroccan Journal of Pure and Applied Analysis,2605-6364,2351-8227,English,Sciendo,No,CC BY-NC-ND,No
Journal of Thermal Science and Technology,,1880-5566,English,The Japan Society of Mechanical Engineers,No,CC BY-NC-ND,Yes
"Journal of Education, Management and Development Studies",2782-9413,2799-0583,English,Camarines Sur Polytechnic Colleges,No,CC BY-NC-ND,Yes
Flora Mediterranea,1120-4052,2240-4538,"English, French",Foundation pro Herbario Mediterraneo,No,CC BY,Yes
Dementia & Neuropsychologia,1980-5764,,English,Associação Neurologia Cognitiva e do Comportamento,No,CC BY,No
Floresta e Ambiente,1415-0980,2179-8087,"Portuguese, English",Universidade Federal Rural do Rio de Janeiro,No,CC BY,No
Iheringia: Série Botânica,0073-4705,,"Portuguese, English",Fundação Zoobotânica do Rio Grande do Sul,No,Publisher's own license,No
"Advances in Statistical Climatology, Meteorology and Oceanography",2364-3579,2364-3587,English,Copernicus Publications,Yes,CC BY,No
Questões Transversais,,2318-6372,Portuguese,Universidade do Vale do Rio dos Sinos,No,CC BY,No
Cadernos de Saúde Coletiva,1414-462X,,"Spanish, Portuguese, English",Instituto de Estudos em Saúde Coletiva da Universidade Federal do Rio de Janeiro,No,CC BY,No
Humanitas: Indonesian Psychological Journal,1693-7236,2598-6368,English,Universitas Ahmad Dahlan,No,CC BY-SA,Yes
Prismet,0032-8847,2535-311X,"Swedish, English, Danish, Norwegian Bokmål",Kirkelig Pedagogisk Senter (IKO),No,CC BY-NC,Yes
Knygotyra,0204-2061,2345-0053,"Lithuanian, English",Vilnius University Press,Yes,CC BY,No
"STEPP: Socialinė Teorija, Empirija, Politika ir Praktika",1648-2425,2345-0266,Lithuanian,Vilnius University Press,Yes,CC BY,No
Cadernos de Naturologia e Terapias Complementares,2316-7580,2316-915X,"Spanish, Portuguese, English",Universidade do Sul de Santa Catarina,No,CC BY-NC-SA,No
Revista Ensino Interdisciplinar,,2447-0783,Portuguese,Universidade do Estado do Rio Grande do Norte,No,CC BY,No
Bergen Journal of Criminal Law and Criminal Justice,,1894-4183,English,University of Bergen,No,CC BY,No
Fizičeskoe Vospitanie Studentov,2075-5279,2223-2125,"English, Russian",Kharkov National Pedagogical University,No,CC BY,No
Journal of Family Strengths,,2168-670X,English,Children at Risk Institute,No,CC BY-NC-ND,No
Territorio Italia,2240-7707,2499-2666,Italian,Agenzia delle Entrate,No,CC BY-NC,No
Revista de Pesquisa e Educação Jurídica,,2525-9636,Portuguese,Conselho Nacional de Pesquisa e Pós-graduação em Direito (CONPEDI),No,CC BY-NC,No
European Medical Journal Urology,,2053-4213,English,European Medical Journal,No,CC BY-NC,No
Revista Brasileira de Finanças,1679-0731,1984-5146,"English, Portuguese",Brazilian Society of Finance,No,CC BY,No
Jurnal Akuntansi,1410-3591,2549-8800,"English, Indonesian",Universitas Tarumanagara,No,CC BY,Yes
Kairós Gerontologia,1516-2567,2176-901X,"Spanish, Portuguese, English",Pontifícia Universidade Católica de São Paulo,No,CC BY-NC-SA,No
Review of Artistic Education,,2501-238X,English,Sciendo,No,CC BY-NC-ND,Yes
Revista Brasileira de Geomorfologia,1519-1540,2236-5664,"Spanish, English, Portuguese",União da Geomorfologia Brasileira,No,CC BY-NC,No
Journal of Religious and Social Studies,2789-0317,2789-0325,English,School of Religious and Social Studies -SRSS,No,CC BY-NC,Yes
Tadris: Jurnal Pendidikan Islam,1907-672X,2442-5494,"English, Indonesian, Arabic",Institut Agama Islam Negeri Madura,No,CC BY-NC,Yes
Justisi,1979-7532,2686-0821,"Indonesian, English",LPPM Universitas Muhammadiyah Sorong,No,CC BY-SA,Yes
Khazanah Journal of Religion and Technology,,2987-6060,English,UIN Sunan Gunung Djati Bandung,No,CC BY,No
Advanced Engineering Letters,,2812-9709,English,The Association of Intellectuals for the Development of Science in Serbia – “The Serbian Academic Center”,No,CC BY-NC,No
Tebuireng,2746-8127,2775-2151,"English, Indonesian","Fakultas Agama Islam, Universitas Hasyim Asy'ari",No,CC BY,No
Revista Espiga,1409-4002,2215-454X,Spanish,Revista Espiga,No,CC BY-NC-SA,No
Banatica,1222-0612,,"Romanian, English","Museum of the Highland Banat, Reșița",No,CC BY,No